[2025-12-20 02:59:16] local.ERROR: SQLSTATE[HY000] [2002] No connection could be made because the target machine actively refused it (Connection: mysql, SQL: select exists (select 1 from information_schema.tables where table_schema = schema() and table_name = 'migrations' and table_type in ('BASE TABLE', 'SYSTEM VERSIONED')) as `exists`) {"exception":"[object] (Illuminate\\Database\\QueryException(code: 2002): SQLSTATE[HY000] [2002] No connection could be made because the target machine actively refused it (Connection: mysql, SQL: select exists (select 1 from information_schema.tables where table_schema = schema() and table_name = 'migrations' and table_type in ('BASE TABLE', 'SYSTEM VERSIONED')) as `exists`) at C:\\xampp\\htdocs\\CSE485_BTTH04\\vendor\\laravel\\framework\\src\\Illuminate\\Database\\Connection.php:826)
[stacktrace]
#0 C:\\xampp\\htdocs\\CSE485_BTTH04\\vendor\\laravel\\framework\\src\\Illuminate\\Database\\Connection.php(980): Illuminate\\Database\\Connection->runQueryCallback('select exists (...', Array, Object(Closure))
#1 C:\\xampp\\htdocs\\CSE485_BTTH04\\vendor\\laravel\\framework\\src\\Illuminate\\Database\\Connection.php(959): Illuminate\\Database\\Connection->tryAgainIfCausedByLostConnection(Object(Illuminate\\Database\\QueryException), 'select exists (...', Array, Object(Closure))
#2 C:\\xampp\\htdocs\\CSE485_BTTH04\\vendor\\laravel\\framework\\src\\Illuminate\\Database\\Connection.php(782): Illuminate\\Database\\Connection->handleQueryException(Object(Illuminate\\Database\\QueryException), 'select exists (...', Array, Object(Closure))
#3 C:\\xampp\\htdocs\\CSE485_BTTH04\\vendor\\laravel\\framework\\src\\Illuminate\\Database\\Connection.php(397): Illuminate\\Database\\Connection->run('select exists (...', Array, Object(Closure))
#4 C:\\xampp\\htdocs\\CSE485_BTTH04\\vendor\\laravel\\framework\\src\\Illuminate\\Database\\Connection.php(343): Illuminate\\Database\\Connection->select('select exists (...', Array, true)
#5 C:\\xampp\\htdocs\\CSE485_BTTH04\\vendor\\laravel\\framework\\src\\Illuminate\\Database\\Connection.php(360): Illuminate\\Database\\Connection->selectOne('select exists (...', Array, true)
#6 C:\\xampp\\htdocs\\CSE485_BTTH04\\vendor\\laravel\\framework\\src\\Illuminate\\Database\\Schema\\Builder.php(174): Illuminate\\Database\\Connection->scalar('select exists (...')
#7 C:\\xampp\\htdocs\\CSE485_BTTH04\\vendor\\laravel\\framework\\src\\Illuminate\\Database\\Migrations\\DatabaseMigrationRepository.php(185): Illuminate\\Database\\Schema\\Builder->hasTable('migrations')
#8 C:\\xampp\\htdocs\\CSE485_BTTH04\\vendor\\laravel\\framework\\src\\Illuminate\\Database\\Migrations\\Migrator.php(753): Illuminate\\Database\\Migrations\\DatabaseMigrationRepository->repositoryExists()
#9 C:\\xampp\\htdocs\\CSE485_BTTH04\\vendor\\laravel\\framework\\src\\Illuminate\\Database\\Console\\Migrations\\MigrateCommand.php(164): Illuminate\\Database\\Migrations\\Migrator->repositoryExists()
#10 C:\\xampp\\htdocs\\CSE485_BTTH04\\vendor\\laravel\\framework\\src\\Illuminate\\Support\\helpers.php(329): Illuminate\\Database\\Console\\Migrations\\MigrateCommand->Illuminate\\Database\\Console\\Migrations\\{closure}(1)
#11 C:\\xampp\\htdocs\\CSE485_BTTH04\\vendor\\laravel\\framework\\src\\Illuminate\\Database\\Console\\Migrations\\MigrateCommand.php(164): retry(1, Object(Closure), 0, Object(Closure))
#12 C:\\xampp\\htdocs\\CSE485_BTTH04\\vendor\\laravel\\framework\\src\\Illuminate\\Database\\Console\\Migrations\\MigrateCommand.php(140): Illuminate\\Database\\Console\\Migrations\\MigrateCommand->repositoryExists()
#13 C:\\xampp\\htdocs\\CSE485_BTTH04\\vendor\\laravel\\framework\\src\\Illuminate\\Database\\Console\\Migrations\\MigrateCommand.php(110): Illuminate\\Database\\Console\\Migrations\\MigrateCommand->prepareDatabase()
#14 C:\\xampp\\htdocs\\CSE485_BTTH04\\vendor\\laravel\\framework\\src\\Illuminate\\Database\\Migrations\\Migrator.php(666): Illuminate\\Database\\Console\\Migrations\\MigrateCommand->Illuminate\\Database\\Console\\Migrations\\{closure}()
#15 C:\\xampp\\htdocs\\CSE485_BTTH04\\vendor\\laravel\\framework\\src\\Illuminate\\Database\\Console\\Migrations\\MigrateCommand.php(109): Illuminate\\Database\\Migrations\\Migrator->usingConnection(NULL, Object(Closure))
#16 C:\\xampp\\htdocs\\CSE485_BTTH04\\vendor\\laravel\\framework\\src\\Illuminate\\Database\\Console\\Migrations\\MigrateCommand.php(88): Illuminate\\Database\\Console\\Migrations\\MigrateCommand->runMigrations()
#17 C:\\xampp\\htdocs\\CSE485_BTTH04\\vendor\\laravel\\framework\\src\\Illuminate\\Container\\BoundMethod.php(36): Illuminate\\Database\\Console\\Migrations\\MigrateCommand->handle()
#18 C:\\xampp\\htdocs\\CSE485_BTTH04\\vendor\\laravel\\framework\\src\\Illuminate\\Container\\Util.php(43): Illuminate\\Container\\BoundMethod::Illuminate\\Container\\{closure}()
#19 C:\\xampp\\htdocs\\CSE485_BTTH04\\vendor\\laravel\\framework\\src\\Illuminate\\Container\\BoundMethod.php(96): Illuminate\\Container\\Util::unwrapIfClosure(Object(Closure))
#20 C:\\xampp\\htdocs\\CSE485_BTTH04\\vendor\\laravel\\framework\\src\\Illuminate\\Container\\BoundMethod.php(35): Illuminate\\Container\\BoundMethod::callBoundMethod(Object(Illuminate\\Foundation\\Application), Array, Object(Closure))
#21 C:\\xampp\\htdocs\\CSE485_BTTH04\\vendor\\laravel\\framework\\src\\Illuminate\\Container\\Container.php(799): Illuminate\\Container\\BoundMethod::call(Object(Illuminate\\Foundation\\Application), Array, Array, NULL)
#22 C:\\xampp\\htdocs\\CSE485_BTTH04\\vendor\\laravel\\framework\\src\\Illuminate\\Console\\Command.php(211): Illuminate\\Container\\Container->call(Array)
#23 C:\\xampp\\htdocs\\CSE485_BTTH04\\vendor\\symfony\\console\\Command\\Command.php(341): Illuminate\\Console\\Command->execute(Object(Symfony\\Component\\Console\\Input\\ArgvInput), Object(Illuminate\\Console\\OutputStyle))
#24 C:\\xampp\\htdocs\\CSE485_BTTH04\\vendor\\laravel\\framework\\src\\Illuminate\\Console\\Command.php(180): Symfony\\Component\\Console\\Command\\Command->run(Object(Symfony\\Component\\Console\\Input\\ArgvInput), Object(Illuminate\\Console\\OutputStyle))
#25 C:\\xampp\\htdocs\\CSE485_BTTH04\\vendor\\symfony\\console\\Application.php(1102): Illuminate\\Console\\Command->run(Object(Symfony\\Component\\Console\\Input\\ArgvInput), Object(Symfony\\Component\\Console\\Output\\ConsoleOutput))
#26 C:\\xampp\\htdocs\\CSE485_BTTH04\\vendor\\symfony\\console\\Application.php(356): Symfony\\Component\\Console\\Application->doRunCommand(Object(Illuminate\\Database\\Console\\Migrations\\MigrateCommand), Object(Symfony\\Component\\Console\\Input\\ArgvInput), Object(Symfony\\Component\\Console\\Output\\ConsoleOutput))
#27 C:\\xampp\\htdocs\\CSE485_BTTH04\\vendor\\symfony\\console\\Application.php(195): Symfony\\Component\\Console\\Application->doRun(Object(Symfony\\Component\\Console\\Input\\ArgvInput), Object(Symfony\\Component\\Console\\Output\\ConsoleOutput))
#28 C:\\xampp\\htdocs\\CSE485_BTTH04\\vendor\\laravel\\framework\\src\\Illuminate\\Foundation\\Console\\Kernel.php(198): Symfony\\Component\\Console\\Application->run(Object(Symfony\\Component\\Console\\Input\\ArgvInput), Object(Symfony\\Component\\Console\\Output\\ConsoleOutput))
#29 C:\\xampp\\htdocs\\CSE485_BTTH04\\vendor\\laravel\\framework\\src\\Illuminate\\Foundation\\Application.php(1235): Illuminate\\Foundation\\Console\\Kernel->handle(Object(Symfony\\Component\\Console\\Input\\ArgvInput), Object(Symfony\\Component\\Console\\Output\\ConsoleOutput))
#30 C:\\xampp\\htdocs\\CSE485_BTTH04\\artisan(16): Illuminate\\Foundation\\Application->handleCommand(Object(Symfony\\Component\\Console\\Input\\ArgvInput))
#31 {main}

[previous exception] [object] (PDOException(code: 2002): SQLSTATE[HY000] [2002] No connection could be made because the target machine actively refused it at C:\\xampp\\htdocs\\CSE485_BTTH04\\vendor\\laravel\\framework\\src\\Illuminate\\Database\\Connectors\\Connector.php:66)
[stacktrace]
#0 C:\\xampp\\htdocs\\CSE485_BTTH04\\vendor\\laravel\\framework\\src\\Illuminate\\Database\\Connectors\\Connector.php(66): PDO->__construct('mysql:host=127....', 'root', Object(SensitiveParameterValue), Array)
#1 C:\\xampp\\htdocs\\CSE485_BTTH04\\vendor\\laravel\\framework\\src\\Illuminate\\Database\\Connectors\\Connector.php(85): Illuminate\\Database\\Connectors\\Connector->createPdoConnection('mysql:host=127....', 'root', Object(SensitiveParameterValue), Array)
#2 C:\\xampp\\htdocs\\CSE485_BTTH04\\vendor\\laravel\\framework\\src\\Illuminate\\Database\\Connectors\\Connector.php(48): Illuminate\\Database\\Connectors\\Connector->tryAgainIfCausedByLostConnection(Object(PDOException), 'mysql:host=127....', 'root', Object(SensitiveParameterValue), Array)
#3 C:\\xampp\\htdocs\\CSE485_BTTH04\\vendor\\laravel\\framework\\src\\Illuminate\\Database\\Connectors\\MySqlConnector.php(24): Illuminate\\Database\\Connectors\\Connector->createConnection('mysql:host=127....', Array, Array)
#4 C:\\xampp\\htdocs\\CSE485_BTTH04\\vendor\\laravel\\framework\\src\\Illuminate\\Database\\Connectors\\ConnectionFactory.php(184): Illuminate\\Database\\Connectors\\MySqlConnector->connect(Array)
#5 [internal function]: Illuminate\\Database\\Connectors\\ConnectionFactory->Illuminate\\Database\\Connectors\\{closure}()
#6 C:\\xampp\\htdocs\\CSE485_BTTH04\\vendor\\laravel\\framework\\src\\Illuminate\\Database\\Connection.php(1236): call_user_func(Object(Closure))
#7 C:\\xampp\\htdocs\\CSE485_BTTH04\\vendor\\laravel\\framework\\src\\Illuminate\\Database\\Connection.php(1272): Illuminate\\Database\\Connection->getPdo()
#8 C:\\xampp\\htdocs\\CSE485_BTTH04\\vendor\\laravel\\framework\\src\\Illuminate\\Database\\Connection.php(511): Illuminate\\Database\\Connection->getReadPdo()
#9 C:\\xampp\\htdocs\\CSE485_BTTH04\\vendor\\laravel\\framework\\src\\Illuminate\\Database\\Connection.php(406): Illuminate\\Database\\Connection->getPdoForSelect(true)
#10 C:\\xampp\\htdocs\\CSE485_BTTH04\\vendor\\laravel\\framework\\src\\Illuminate\\Database\\Connection.php(813): Illuminate\\Database\\Connection->Illuminate\\Database\\{closure}('select exists (...', Array)
#11 C:\\xampp\\htdocs\\CSE485_BTTH04\\vendor\\laravel\\framework\\src\\Illuminate\\Database\\Connection.php(980): Illuminate\\Database\\Connection->runQueryCallback('select exists (...', Array, Object(Closure))
#12 C:\\xampp\\htdocs\\CSE485_BTTH04\\vendor\\laravel\\framework\\src\\Illuminate\\Database\\Connection.php(959): Illuminate\\Database\\Connection->tryAgainIfCausedByLostConnection(Object(Illuminate\\Database\\QueryException), 'select exists (...', Array, Object(Closure))
#13 C:\\xampp\\htdocs\\CSE485_BTTH04\\vendor\\laravel\\framework\\src\\Illuminate\\Database\\Connection.php(782): Illuminate\\Database\\Connection->handleQueryException(Object(Illuminate\\Database\\QueryException), 'select exists (...', Array, Object(Closure))
#14 C:\\xampp\\htdocs\\CSE485_BTTH04\\vendor\\laravel\\framework\\src\\Illuminate\\Database\\Connection.php(397): Illuminate\\Database\\Connection->run('select exists (...', Array, Object(Closure))
#15 C:\\xampp\\htdocs\\CSE485_BTTH04\\vendor\\laravel\\framework\\src\\Illuminate\\Database\\Connection.php(343): Illuminate\\Database\\Connection->select('select exists (...', Array, true)
#16 C:\\xampp\\htdocs\\CSE485_BTTH04\\vendor\\laravel\\framework\\src\\Illuminate\\Database\\Connection.php(360): Illuminate\\Database\\Connection->selectOne('select exists (...', Array, true)
#17 C:\\xampp\\htdocs\\CSE485_BTTH04\\vendor\\laravel\\framework\\src\\Illuminate\\Database\\Schema\\Builder.php(174): Illuminate\\Database\\Connection->scalar('select exists (...')
#18 C:\\xampp\\htdocs\\CSE485_BTTH04\\vendor\\laravel\\framework\\src\\Illuminate\\Database\\Migrations\\DatabaseMigrationRepository.php(185): Illuminate\\Database\\Schema\\Builder->hasTable('migrations')
#19 C:\\xampp\\htdocs\\CSE485_BTTH04\\vendor\\laravel\\framework\\src\\Illuminate\\Database\\Migrations\\Migrator.php(753): Illuminate\\Database\\Migrations\\DatabaseMigrationRepository->repositoryExists()
#20 C:\\xampp\\htdocs\\CSE485_BTTH04\\vendor\\laravel\\framework\\src\\Illuminate\\Database\\Console\\Migrations\\MigrateCommand.php(164): Illuminate\\Database\\Migrations\\Migrator->repositoryExists()
#21 C:\\xampp\\htdocs\\CSE485_BTTH04\\vendor\\laravel\\framework\\src\\Illuminate\\Support\\helpers.php(329): Illuminate\\Database\\Console\\Migrations\\MigrateCommand->Illuminate\\Database\\Console\\Migrations\\{closure}(1)
#22 C:\\xampp\\htdocs\\CSE485_BTTH04\\vendor\\laravel\\framework\\src\\Illuminate\\Database\\Console\\Migrations\\MigrateCommand.php(164): retry(1, Object(Closure), 0, Object(Closure))
#23 C:\\xampp\\htdocs\\CSE485_BTTH04\\vendor\\laravel\\framework\\src\\Illuminate\\Database\\Console\\Migrations\\MigrateCommand.php(140): Illuminate\\Database\\Console\\Migrations\\MigrateCommand->repositoryExists()
#24 C:\\xampp\\htdocs\\CSE485_BTTH04\\vendor\\laravel\\framework\\src\\Illuminate\\Database\\Console\\Migrations\\MigrateCommand.php(110): Illuminate\\Database\\Console\\Migrations\\MigrateCommand->prepareDatabase()
#25 C:\\xampp\\htdocs\\CSE485_BTTH04\\vendor\\laravel\\framework\\src\\Illuminate\\Database\\Migrations\\Migrator.php(666): Illuminate\\Database\\Console\\Migrations\\MigrateCommand->Illuminate\\Database\\Console\\Migrations\\{closure}()
#26 C:\\xampp\\htdocs\\CSE485_BTTH04\\vendor\\laravel\\framework\\src\\Illuminate\\Database\\Console\\Migrations\\MigrateCommand.php(109): Illuminate\\Database\\Migrations\\Migrator->usingConnection(NULL, Object(Closure))
#27 C:\\xampp\\htdocs\\CSE485_BTTH04\\vendor\\laravel\\framework\\src\\Illuminate\\Database\\Console\\Migrations\\MigrateCommand.php(88): Illuminate\\Database\\Console\\Migrations\\MigrateCommand->runMigrations()
#28 C:\\xampp\\htdocs\\CSE485_BTTH04\\vendor\\laravel\\framework\\src\\Illuminate\\Container\\BoundMethod.php(36): Illuminate\\Database\\Console\\Migrations\\MigrateCommand->handle()
#29 C:\\xampp\\htdocs\\CSE485_BTTH04\\vendor\\laravel\\framework\\src\\Illuminate\\Container\\Util.php(43): Illuminate\\Container\\BoundMethod::Illuminate\\Container\\{closure}()
#30 C:\\xampp\\htdocs\\CSE485_BTTH04\\vendor\\laravel\\framework\\src\\Illuminate\\Container\\BoundMethod.php(96): Illuminate\\Container\\Util::unwrapIfClosure(Object(Closure))
#31 C:\\xampp\\htdocs\\CSE485_BTTH04\\vendor\\laravel\\framework\\src\\Illuminate\\Container\\BoundMethod.php(35): Illuminate\\Container\\BoundMethod::callBoundMethod(Object(Illuminate\\Foundation\\Application), Array, Object(Closure))
#32 C:\\xampp\\htdocs\\CSE485_BTTH04\\vendor\\laravel\\framework\\src\\Illuminate\\Container\\Container.php(799): Illuminate\\Container\\BoundMethod::call(Object(Illuminate\\Foundation\\Application), Array, Array, NULL)
#33 C:\\xampp\\htdocs\\CSE485_BTTH04\\vendor\\laravel\\framework\\src\\Illuminate\\Console\\Command.php(211): Illuminate\\Container\\Container->call(Array)
#34 C:\\xampp\\htdocs\\CSE485_BTTH04\\vendor\\symfony\\console\\Command\\Command.php(341): Illuminate\\Console\\Command->execute(Object(Symfony\\Component\\Console\\Input\\ArgvInput), Object(Illuminate\\Console\\OutputStyle))
#35 C:\\xampp\\htdocs\\CSE485_BTTH04\\vendor\\laravel\\framework\\src\\Illuminate\\Console\\Command.php(180): Symfony\\Component\\Console\\Command\\Command->run(Object(Symfony\\Component\\Console\\Input\\ArgvInput), Object(Illuminate\\Console\\OutputStyle))
#36 C:\\xampp\\htdocs\\CSE485_BTTH04\\vendor\\symfony\\console\\Application.php(1102): Illuminate\\Console\\Command->run(Object(Symfony\\Component\\Console\\Input\\ArgvInput), Object(Symfony\\Component\\Console\\Output\\ConsoleOutput))
#37 C:\\xampp\\htdocs\\CSE485_BTTH04\\vendor\\symfony\\console\\Application.php(356): Symfony\\Component\\Console\\Application->doRunCommand(Object(Illuminate\\Database\\Console\\Migrations\\MigrateCommand), Object(Symfony\\Component\\Console\\Input\\ArgvInput), Object(Symfony\\Component\\Console\\Output\\ConsoleOutput))
#38 C:\\xampp\\htdocs\\CSE485_BTTH04\\vendor\\symfony\\console\\Application.php(195): Symfony\\Component\\Console\\Application->doRun(Object(Symfony\\Component\\Console\\Input\\ArgvInput), Object(Symfony\\Component\\Console\\Output\\ConsoleOutput))
#39 C:\\xampp\\htdocs\\CSE485_BTTH04\\vendor\\laravel\\framework\\src\\Illuminate\\Foundation\\Console\\Kernel.php(198): Symfony\\Component\\Console\\Application->run(Object(Symfony\\Component\\Console\\Input\\ArgvInput), Object(Symfony\\Component\\Console\\Output\\ConsoleOutput))
#40 C:\\xampp\\htdocs\\CSE485_BTTH04\\vendor\\laravel\\framework\\src\\Illuminate\\Foundation\\Application.php(1235): Illuminate\\Foundation\\Console\\Kernel->handle(Object(Symfony\\Component\\Console\\Input\\ArgvInput), Object(Symfony\\Component\\Console\\Output\\ConsoleOutput))
#41 C:\\xampp\\htdocs\\CSE485_BTTH04\\artisan(16): Illuminate\\Foundation\\Application->handleCommand(Object(Symfony\\Component\\Console\\Input\\ArgvInput))
#42 {main}
"} 
[2025-12-20 03:00:14] local.ERROR: SQLSTATE[HY000] [1049] Unknown database 'cse485_btth04' (Connection: mysql, SQL: select * from `cache` where `key` in (laravel-cache-boost.roster.scan)) {"exception":"[object] (Illuminate\\Database\\QueryException(code: 1049): SQLSTATE[HY000] [1049] Unknown database 'cse485_btth04' (Connection: mysql, SQL: select * from `cache` where `key` in (laravel-cache-boost.roster.scan)) at C:\\xampp\\htdocs\\CSE485_BTTH04\\vendor\\laravel\\framework\\src\\Illuminate\\Database\\Connection.php:826)
[stacktrace]
#0 C:\\xampp\\htdocs\\CSE485_BTTH04\\vendor\\laravel\\framework\\src\\Illuminate\\Database\\Connection.php(780): Illuminate\\Database\\Connection->runQueryCallback('select * from `...', Array, Object(Closure))
#1 C:\\xampp\\htdocs\\CSE485_BTTH04\\vendor\\laravel\\framework\\src\\Illuminate\\Database\\Connection.php(397): Illuminate\\Database\\Connection->run('select * from `...', Array, Object(Closure))
#2 C:\\xampp\\htdocs\\CSE485_BTTH04\\vendor\\laravel\\framework\\src\\Illuminate\\Database\\Query\\Builder.php(3188): Illuminate\\Database\\Connection->select('select * from `...', Array, true)
#3 C:\\xampp\\htdocs\\CSE485_BTTH04\\vendor\\laravel\\framework\\src\\Illuminate\\Database\\Query\\Builder.php(3173): Illuminate\\Database\\Query\\Builder->runSelect()
#4 C:\\xampp\\htdocs\\CSE485_BTTH04\\vendor\\laravel\\framework\\src\\Illuminate\\Database\\Query\\Builder.php(3763): Illuminate\\Database\\Query\\Builder->Illuminate\\Database\\Query\\{closure}()
#5 C:\\xampp\\htdocs\\CSE485_BTTH04\\vendor\\laravel\\framework\\src\\Illuminate\\Database\\Query\\Builder.php(3172): Illuminate\\Database\\Query\\Builder->onceWithColumns(Array, Object(Closure))
#6 C:\\xampp\\htdocs\\CSE485_BTTH04\\vendor\\laravel\\framework\\src\\Illuminate\\Cache\\DatabaseStore.php(130): Illuminate\\Database\\Query\\Builder->get()
#7 C:\\xampp\\htdocs\\CSE485_BTTH04\\vendor\\laravel\\framework\\src\\Illuminate\\Cache\\DatabaseStore.php(105): Illuminate\\Cache\\DatabaseStore->many(Array)
#8 C:\\xampp\\htdocs\\CSE485_BTTH04\\vendor\\laravel\\framework\\src\\Illuminate\\Cache\\Repository.php(119): Illuminate\\Cache\\DatabaseStore->get('boost.roster.sc...')
#9 C:\\xampp\\htdocs\\CSE485_BTTH04\\vendor\\laravel\\framework\\src\\Illuminate\\Cache\\CacheManager.php(530): Illuminate\\Cache\\Repository->get('boost.roster.sc...')
#10 C:\\xampp\\htdocs\\CSE485_BTTH04\\vendor\\laravel\\boost\\src\\BoostServiceProvider.php(50): Illuminate\\Cache\\CacheManager->__call('get', Array)
#11 C:\\xampp\\htdocs\\CSE485_BTTH04\\vendor\\laravel\\framework\\src\\Illuminate\\Container\\Container.php(1115): Laravel\\Boost\\BoostServiceProvider->Laravel\\Boost\\{closure}(Object(Illuminate\\Foundation\\Application), Array)
#12 C:\\xampp\\htdocs\\CSE485_BTTH04\\vendor\\laravel\\framework\\src\\Illuminate\\Container\\Container.php(933): Illuminate\\Container\\Container->build(Object(Closure))
#13 C:\\xampp\\htdocs\\CSE485_BTTH04\\vendor\\laravel\\framework\\src\\Illuminate\\Foundation\\Application.php(1078): Illuminate\\Container\\Container->resolve('Laravel\\\\Roster\\\\...', Array, true)
#14 C:\\xampp\\htdocs\\CSE485_BTTH04\\vendor\\laravel\\framework\\src\\Illuminate\\Container\\Container.php(864): Illuminate\\Foundation\\Application->resolve('Laravel\\\\Roster\\\\...', Array)
#15 C:\\xampp\\htdocs\\CSE485_BTTH04\\vendor\\laravel\\framework\\src\\Illuminate\\Foundation\\Application.php(1058): Illuminate\\Container\\Container->make('Laravel\\\\Roster\\\\...', Array)
#16 C:\\xampp\\htdocs\\CSE485_BTTH04\\vendor\\laravel\\framework\\src\\Illuminate\\Container\\Container.php(1338): Illuminate\\Foundation\\Application->make('Laravel\\\\Roster\\\\...')
#17 C:\\xampp\\htdocs\\CSE485_BTTH04\\vendor\\laravel\\framework\\src\\Illuminate\\Container\\Container.php(1239): Illuminate\\Container\\Container->resolveClass(Object(ReflectionParameter))
#18 C:\\xampp\\htdocs\\CSE485_BTTH04\\vendor\\laravel\\framework\\src\\Illuminate\\Container\\Container.php(1162): Illuminate\\Container\\Container->resolveDependencies(Array)
#19 C:\\xampp\\htdocs\\CSE485_BTTH04\\vendor\\laravel\\framework\\src\\Illuminate\\Container\\Container.php(933): Illuminate\\Container\\Container->build('Laravel\\\\Boost\\\\I...')
#20 C:\\xampp\\htdocs\\CSE485_BTTH04\\vendor\\laravel\\framework\\src\\Illuminate\\Foundation\\Application.php(1078): Illuminate\\Container\\Container->resolve('Laravel\\\\Boost\\\\I...', Array, true)
#21 C:\\xampp\\htdocs\\CSE485_BTTH04\\vendor\\laravel\\framework\\src\\Illuminate\\Container\\Container.php(864): Illuminate\\Foundation\\Application->resolve('Laravel\\\\Boost\\\\I...', Array)
#22 C:\\xampp\\htdocs\\CSE485_BTTH04\\vendor\\laravel\\framework\\src\\Illuminate\\Foundation\\Application.php(1058): Illuminate\\Container\\Container->make('Laravel\\\\Boost\\\\I...', Array)
#23 C:\\xampp\\htdocs\\CSE485_BTTH04\\vendor\\laravel\\framework\\src\\Illuminate\\Foundation\\helpers.php(138): Illuminate\\Foundation\\Application->make('Laravel\\\\Boost\\\\I...', Array)
#24 C:\\xampp\\htdocs\\CSE485_BTTH04\\vendor\\laravel\\boost\\src\\Console\\InstallCommand.php(310): app('Laravel\\\\Boost\\\\I...')
#25 C:\\xampp\\htdocs\\CSE485_BTTH04\\vendor\\laravel\\boost\\src\\Console\\InstallCommand.php(156): Laravel\\Boost\\Console\\InstallCommand->selectAiGuidelines()
#26 C:\\xampp\\htdocs\\CSE485_BTTH04\\vendor\\laravel\\boost\\src\\Console\\InstallCommand.php(102): Laravel\\Boost\\Console\\InstallCommand->collectInstallationPreferences()
#27 C:\\xampp\\htdocs\\CSE485_BTTH04\\vendor\\laravel\\framework\\src\\Illuminate\\Container\\BoundMethod.php(36): Laravel\\Boost\\Console\\InstallCommand->handle(Object(Laravel\\Boost\\Install\\CodeEnvironmentsDetector), Object(Laravel\\Boost\\Install\\Herd), Object(Laravel\\Boost\\Install\\Sail), Object(Laravel\\Prompts\\Terminal))
#28 C:\\xampp\\htdocs\\CSE485_BTTH04\\vendor\\laravel\\framework\\src\\Illuminate\\Container\\Util.php(43): Illuminate\\Container\\BoundMethod::Illuminate\\Container\\{closure}()
#29 C:\\xampp\\htdocs\\CSE485_BTTH04\\vendor\\laravel\\framework\\src\\Illuminate\\Container\\BoundMethod.php(96): Illuminate\\Container\\Util::unwrapIfClosure(Object(Closure))
#30 C:\\xampp\\htdocs\\CSE485_BTTH04\\vendor\\laravel\\framework\\src\\Illuminate\\Container\\BoundMethod.php(35): Illuminate\\Container\\BoundMethod::callBoundMethod(Object(Illuminate\\Foundation\\Application), Array, Object(Closure))
#31 C:\\xampp\\htdocs\\CSE485_BTTH04\\vendor\\laravel\\framework\\src\\Illuminate\\Container\\Container.php(799): Illuminate\\Container\\BoundMethod::call(Object(Illuminate\\Foundation\\Application), Array, Array, NULL)
#32 C:\\xampp\\htdocs\\CSE485_BTTH04\\vendor\\laravel\\framework\\src\\Illuminate\\Console\\Command.php(211): Illuminate\\Container\\Container->call(Array)
#33 C:\\xampp\\htdocs\\CSE485_BTTH04\\vendor\\symfony\\console\\Command\\Command.php(341): Illuminate\\Console\\Command->execute(Object(Symfony\\Component\\Console\\Input\\ArgvInput), Object(Illuminate\\Console\\OutputStyle))
#34 C:\\xampp\\htdocs\\CSE485_BTTH04\\vendor\\laravel\\framework\\src\\Illuminate\\Console\\Command.php(180): Symfony\\Component\\Console\\Command\\Command->run(Object(Symfony\\Component\\Console\\Input\\ArgvInput), Object(Illuminate\\Console\\OutputStyle))
#35 C:\\xampp\\htdocs\\CSE485_BTTH04\\vendor\\symfony\\console\\Application.php(1102): Illuminate\\Console\\Command->run(Object(Symfony\\Component\\Console\\Input\\ArgvInput), Object(Symfony\\Component\\Console\\Output\\ConsoleOutput))
#36 C:\\xampp\\htdocs\\CSE485_BTTH04\\vendor\\symfony\\console\\Application.php(356): Symfony\\Component\\Console\\Application->doRunCommand(Object(Laravel\\Boost\\Console\\InstallCommand), Object(Symfony\\Component\\Console\\Input\\ArgvInput), Object(Symfony\\Component\\Console\\Output\\ConsoleOutput))
#37 C:\\xampp\\htdocs\\CSE485_BTTH04\\vendor\\symfony\\console\\Application.php(195): Symfony\\Component\\Console\\Application->doRun(Object(Symfony\\Component\\Console\\Input\\ArgvInput), Object(Symfony\\Component\\Console\\Output\\ConsoleOutput))
#38 C:\\xampp\\htdocs\\CSE485_BTTH04\\vendor\\laravel\\framework\\src\\Illuminate\\Foundation\\Console\\Kernel.php(198): Symfony\\Component\\Console\\Application->run(Object(Symfony\\Component\\Console\\Input\\ArgvInput), Object(Symfony\\Component\\Console\\Output\\ConsoleOutput))
#39 C:\\xampp\\htdocs\\CSE485_BTTH04\\vendor\\laravel\\framework\\src\\Illuminate\\Foundation\\Application.php(1235): Illuminate\\Foundation\\Console\\Kernel->handle(Object(Symfony\\Component\\Console\\Input\\ArgvInput), Object(Symfony\\Component\\Console\\Output\\ConsoleOutput))
#40 C:\\xampp\\htdocs\\CSE485_BTTH04\\artisan(16): Illuminate\\Foundation\\Application->handleCommand(Object(Symfony\\Component\\Console\\Input\\ArgvInput))
#41 {main}

[previous exception] [object] (PDOException(code: 1049): SQLSTATE[HY000] [1049] Unknown database 'cse485_btth04' at C:\\xampp\\htdocs\\CSE485_BTTH04\\vendor\\laravel\\framework\\src\\Illuminate\\Database\\Connectors\\Connector.php:66)
[stacktrace]
#0 C:\\xampp\\htdocs\\CSE485_BTTH04\\vendor\\laravel\\framework\\src\\Illuminate\\Database\\Connectors\\Connector.php(66): PDO->__construct('mysql:host=127....', 'root', Object(SensitiveParameterValue), Array)
#1 C:\\xampp\\htdocs\\CSE485_BTTH04\\vendor\\laravel\\framework\\src\\Illuminate\\Database\\Connectors\\Connector.php(44): Illuminate\\Database\\Connectors\\Connector->createPdoConnection('mysql:host=127....', 'root', Object(SensitiveParameterValue), Array)
#2 C:\\xampp\\htdocs\\CSE485_BTTH04\\vendor\\laravel\\framework\\src\\Illuminate\\Database\\Connectors\\MySqlConnector.php(24): Illuminate\\Database\\Connectors\\Connector->createConnection('mysql:host=127....', Array, Array)
#3 C:\\xampp\\htdocs\\CSE485_BTTH04\\vendor\\laravel\\framework\\src\\Illuminate\\Database\\Connectors\\ConnectionFactory.php(184): Illuminate\\Database\\Connectors\\MySqlConnector->connect(Array)
#4 [internal function]: Illuminate\\Database\\Connectors\\ConnectionFactory->Illuminate\\Database\\Connectors\\{closure}()
#5 C:\\xampp\\htdocs\\CSE485_BTTH04\\vendor\\laravel\\framework\\src\\Illuminate\\Database\\Connection.php(1236): call_user_func(Object(Closure))
#6 C:\\xampp\\htdocs\\CSE485_BTTH04\\vendor\\laravel\\framework\\src\\Illuminate\\Database\\Connection.php(1272): Illuminate\\Database\\Connection->getPdo()
#7 C:\\xampp\\htdocs\\CSE485_BTTH04\\vendor\\laravel\\framework\\src\\Illuminate\\Database\\Connection.php(511): Illuminate\\Database\\Connection->getReadPdo()
#8 C:\\xampp\\htdocs\\CSE485_BTTH04\\vendor\\laravel\\framework\\src\\Illuminate\\Database\\Connection.php(406): Illuminate\\Database\\Connection->getPdoForSelect(true)
#9 C:\\xampp\\htdocs\\CSE485_BTTH04\\vendor\\laravel\\framework\\src\\Illuminate\\Database\\Connection.php(813): Illuminate\\Database\\Connection->Illuminate\\Database\\{closure}('select * from `...', Array)
#10 C:\\xampp\\htdocs\\CSE485_BTTH04\\vendor\\laravel\\framework\\src\\Illuminate\\Database\\Connection.php(780): Illuminate\\Database\\Connection->runQueryCallback('select * from `...', Array, Object(Closure))
#11 C:\\xampp\\htdocs\\CSE485_BTTH04\\vendor\\laravel\\framework\\src\\Illuminate\\Database\\Connection.php(397): Illuminate\\Database\\Connection->run('select * from `...', Array, Object(Closure))
#12 C:\\xampp\\htdocs\\CSE485_BTTH04\\vendor\\laravel\\framework\\src\\Illuminate\\Database\\Query\\Builder.php(3188): Illuminate\\Database\\Connection->select('select * from `...', Array, true)
#13 C:\\xampp\\htdocs\\CSE485_BTTH04\\vendor\\laravel\\framework\\src\\Illuminate\\Database\\Query\\Builder.php(3173): Illuminate\\Database\\Query\\Builder->runSelect()
#14 C:\\xampp\\htdocs\\CSE485_BTTH04\\vendor\\laravel\\framework\\src\\Illuminate\\Database\\Query\\Builder.php(3763): Illuminate\\Database\\Query\\Builder->Illuminate\\Database\\Query\\{closure}()
#15 C:\\xampp\\htdocs\\CSE485_BTTH04\\vendor\\laravel\\framework\\src\\Illuminate\\Database\\Query\\Builder.php(3172): Illuminate\\Database\\Query\\Builder->onceWithColumns(Array, Object(Closure))
#16 C:\\xampp\\htdocs\\CSE485_BTTH04\\vendor\\laravel\\framework\\src\\Illuminate\\Cache\\DatabaseStore.php(130): Illuminate\\Database\\Query\\Builder->get()
#17 C:\\xampp\\htdocs\\CSE485_BTTH04\\vendor\\laravel\\framework\\src\\Illuminate\\Cache\\DatabaseStore.php(105): Illuminate\\Cache\\DatabaseStore->many(Array)
#18 C:\\xampp\\htdocs\\CSE485_BTTH04\\vendor\\laravel\\framework\\src\\Illuminate\\Cache\\Repository.php(119): Illuminate\\Cache\\DatabaseStore->get('boost.roster.sc...')
#19 C:\\xampp\\htdocs\\CSE485_BTTH04\\vendor\\laravel\\framework\\src\\Illuminate\\Cache\\CacheManager.php(530): Illuminate\\Cache\\Repository->get('boost.roster.sc...')
#20 C:\\xampp\\htdocs\\CSE485_BTTH04\\vendor\\laravel\\boost\\src\\BoostServiceProvider.php(50): Illuminate\\Cache\\CacheManager->__call('get', Array)
#21 C:\\xampp\\htdocs\\CSE485_BTTH04\\vendor\\laravel\\framework\\src\\Illuminate\\Container\\Container.php(1115): Laravel\\Boost\\BoostServiceProvider->Laravel\\Boost\\{closure}(Object(Illuminate\\Foundation\\Application), Array)
#22 C:\\xampp\\htdocs\\CSE485_BTTH04\\vendor\\laravel\\framework\\src\\Illuminate\\Container\\Container.php(933): Illuminate\\Container\\Container->build(Object(Closure))
#23 C:\\xampp\\htdocs\\CSE485_BTTH04\\vendor\\laravel\\framework\\src\\Illuminate\\Foundation\\Application.php(1078): Illuminate\\Container\\Container->resolve('Laravel\\\\Roster\\\\...', Array, true)
#24 C:\\xampp\\htdocs\\CSE485_BTTH04\\vendor\\laravel\\framework\\src\\Illuminate\\Container\\Container.php(864): Illuminate\\Foundation\\Application->resolve('Laravel\\\\Roster\\\\...', Array)
#25 C:\\xampp\\htdocs\\CSE485_BTTH04\\vendor\\laravel\\framework\\src\\Illuminate\\Foundation\\Application.php(1058): Illuminate\\Container\\Container->make('Laravel\\\\Roster\\\\...', Array)
#26 C:\\xampp\\htdocs\\CSE485_BTTH04\\vendor\\laravel\\framework\\src\\Illuminate\\Container\\Container.php(1338): Illuminate\\Foundation\\Application->make('Laravel\\\\Roster\\\\...')
#27 C:\\xampp\\htdocs\\CSE485_BTTH04\\vendor\\laravel\\framework\\src\\Illuminate\\Container\\Container.php(1239): Illuminate\\Container\\Container->resolveClass(Object(ReflectionParameter))
#28 C:\\xampp\\htdocs\\CSE485_BTTH04\\vendor\\laravel\\framework\\src\\Illuminate\\Container\\Container.php(1162): Illuminate\\Container\\Container->resolveDependencies(Array)
#29 C:\\xampp\\htdocs\\CSE485_BTTH04\\vendor\\laravel\\framework\\src\\Illuminate\\Container\\Container.php(933): Illuminate\\Container\\Container->build('Laravel\\\\Boost\\\\I...')
#30 C:\\xampp\\htdocs\\CSE485_BTTH04\\vendor\\laravel\\framework\\src\\Illuminate\\Foundation\\Application.php(1078): Illuminate\\Container\\Container->resolve('Laravel\\\\Boost\\\\I...', Array, true)
#31 C:\\xampp\\htdocs\\CSE485_BTTH04\\vendor\\laravel\\framework\\src\\Illuminate\\Container\\Container.php(864): Illuminate\\Foundation\\Application->resolve('Laravel\\\\Boost\\\\I...', Array)
#32 C:\\xampp\\htdocs\\CSE485_BTTH04\\vendor\\laravel\\framework\\src\\Illuminate\\Foundation\\Application.php(1058): Illuminate\\Container\\Container->make('Laravel\\\\Boost\\\\I...', Array)
#33 C:\\xampp\\htdocs\\CSE485_BTTH04\\vendor\\laravel\\framework\\src\\Illuminate\\Foundation\\helpers.php(138): Illuminate\\Foundation\\Application->make('Laravel\\\\Boost\\\\I...', Array)
#34 C:\\xampp\\htdocs\\CSE485_BTTH04\\vendor\\laravel\\boost\\src\\Console\\InstallCommand.php(310): app('Laravel\\\\Boost\\\\I...')
#35 C:\\xampp\\htdocs\\CSE485_BTTH04\\vendor\\laravel\\boost\\src\\Console\\InstallCommand.php(156): Laravel\\Boost\\Console\\InstallCommand->selectAiGuidelines()
#36 C:\\xampp\\htdocs\\CSE485_BTTH04\\vendor\\laravel\\boost\\src\\Console\\InstallCommand.php(102): Laravel\\Boost\\Console\\InstallCommand->collectInstallationPreferences()
#37 C:\\xampp\\htdocs\\CSE485_BTTH04\\vendor\\laravel\\framework\\src\\Illuminate\\Container\\BoundMethod.php(36): Laravel\\Boost\\Console\\InstallCommand->handle(Object(Laravel\\Boost\\Install\\CodeEnvironmentsDetector), Object(Laravel\\Boost\\Install\\Herd), Object(Laravel\\Boost\\Install\\Sail), Object(Laravel\\Prompts\\Terminal))
#38 C:\\xampp\\htdocs\\CSE485_BTTH04\\vendor\\laravel\\framework\\src\\Illuminate\\Container\\Util.php(43): Illuminate\\Container\\BoundMethod::Illuminate\\Container\\{closure}()
#39 C:\\xampp\\htdocs\\CSE485_BTTH04\\vendor\\laravel\\framework\\src\\Illuminate\\Container\\BoundMethod.php(96): Illuminate\\Container\\Util::unwrapIfClosure(Object(Closure))
#40 C:\\xampp\\htdocs\\CSE485_BTTH04\\vendor\\laravel\\framework\\src\\Illuminate\\Container\\BoundMethod.php(35): Illuminate\\Container\\BoundMethod::callBoundMethod(Object(Illuminate\\Foundation\\Application), Array, Object(Closure))
#41 C:\\xampp\\htdocs\\CSE485_BTTH04\\vendor\\laravel\\framework\\src\\Illuminate\\Container\\Container.php(799): Illuminate\\Container\\BoundMethod::call(Object(Illuminate\\Foundation\\Application), Array, Array, NULL)
#42 C:\\xampp\\htdocs\\CSE485_BTTH04\\vendor\\laravel\\framework\\src\\Illuminate\\Console\\Command.php(211): Illuminate\\Container\\Container->call(Array)
#43 C:\\xampp\\htdocs\\CSE485_BTTH04\\vendor\\symfony\\console\\Command\\Command.php(341): Illuminate\\Console\\Command->execute(Object(Symfony\\Component\\Console\\Input\\ArgvInput), Object(Illuminate\\Console\\OutputStyle))
#44 C:\\xampp\\htdocs\\CSE485_BTTH04\\vendor\\laravel\\framework\\src\\Illuminate\\Console\\Command.php(180): Symfony\\Component\\Console\\Command\\Command->run(Object(Symfony\\Component\\Console\\Input\\ArgvInput), Object(Illuminate\\Console\\OutputStyle))
#45 C:\\xampp\\htdocs\\CSE485_BTTH04\\vendor\\symfony\\console\\Application.php(1102): Illuminate\\Console\\Command->run(Object(Symfony\\Component\\Console\\Input\\ArgvInput), Object(Symfony\\Component\\Console\\Output\\ConsoleOutput))
#46 C:\\xampp\\htdocs\\CSE485_BTTH04\\vendor\\symfony\\console\\Application.php(356): Symfony\\Component\\Console\\Application->doRunCommand(Object(Laravel\\Boost\\Console\\InstallCommand), Object(Symfony\\Component\\Console\\Input\\ArgvInput), Object(Symfony\\Component\\Console\\Output\\ConsoleOutput))
#47 C:\\xampp\\htdocs\\CSE485_BTTH04\\vendor\\symfony\\console\\Application.php(195): Symfony\\Component\\Console\\Application->doRun(Object(Symfony\\Component\\Console\\Input\\ArgvInput), Object(Symfony\\Component\\Console\\Output\\ConsoleOutput))
#48 C:\\xampp\\htdocs\\CSE485_BTTH04\\vendor\\laravel\\framework\\src\\Illuminate\\Foundation\\Console\\Kernel.php(198): Symfony\\Component\\Console\\Application->run(Object(Symfony\\Component\\Console\\Input\\ArgvInput), Object(Symfony\\Component\\Console\\Output\\ConsoleOutput))
#49 C:\\xampp\\htdocs\\CSE485_BTTH04\\vendor\\laravel\\framework\\src\\Illuminate\\Foundation\\Application.php(1235): Illuminate\\Foundation\\Console\\Kernel->handle(Object(Symfony\\Component\\Console\\Input\\ArgvInput), Object(Symfony\\Component\\Console\\Output\\ConsoleOutput))
#50 C:\\xampp\\htdocs\\CSE485_BTTH04\\artisan(16): Illuminate\\Foundation\\Application->handleCommand(Object(Symfony\\Component\\Console\\Input\\ArgvInput))
#51 {main}
"} 
[2025-12-20 03:36:54] local.ERROR: SQLSTATE[42S02]: Base table or view not found: 1146 Table 'qlda.sessions' doesn't exist (Connection: mysql, SQL: select * from `sessions` where `id` = Tv8jLYZdNF0p0Nn8bCPpd20ZtoTxURVQyXdS6Ckf limit 1) {"exception":"[object] (Illuminate\\Database\\QueryException(code: 42S02): SQLSTATE[42S02]: Base table or view not found: 1146 Table 'qlda.sessions' doesn't exist (Connection: mysql, SQL: select * from `sessions` where `id` = Tv8jLYZdNF0p0Nn8bCPpd20ZtoTxURVQyXdS6Ckf limit 1) at C:\\xampp\\htdocs\\CSE485_BTTH04\\vendor\\laravel\\framework\\src\\Illuminate\\Database\\Connection.php:826)
[stacktrace]
#0 C:\\xampp\\htdocs\\CSE485_BTTH04\\vendor\\laravel\\framework\\src\\Illuminate\\Database\\Connection.php(780): Illuminate\\Database\\Connection->runQueryCallback('select * from `...', Array, Object(Closure))
#1 C:\\xampp\\htdocs\\CSE485_BTTH04\\vendor\\laravel\\framework\\src\\Illuminate\\Database\\Connection.php(397): Illuminate\\Database\\Connection->run('select * from `...', Array, Object(Closure))
#2 C:\\xampp\\htdocs\\CSE485_BTTH04\\vendor\\laravel\\framework\\src\\Illuminate\\Database\\Query\\Builder.php(3188): Illuminate\\Database\\Connection->select('select * from `...', Array, false)
#3 C:\\xampp\\htdocs\\CSE485_BTTH04\\vendor\\laravel\\framework\\src\\Illuminate\\Database\\Query\\Builder.php(3173): Illuminate\\Database\\Query\\Builder->runSelect()
#4 C:\\xampp\\htdocs\\CSE485_BTTH04\\vendor\\laravel\\framework\\src\\Illuminate\\Database\\Query\\Builder.php(3763): Illuminate\\Database\\Query\\Builder->Illuminate\\Database\\Query\\{closure}()
#5 C:\\xampp\\htdocs\\CSE485_BTTH04\\vendor\\laravel\\framework\\src\\Illuminate\\Database\\Query\\Builder.php(3172): Illuminate\\Database\\Query\\Builder->onceWithColumns(Array, Object(Closure))
#6 C:\\xampp\\htdocs\\CSE485_BTTH04\\vendor\\laravel\\framework\\src\\Illuminate\\Database\\Concerns\\BuildsQueries.php(366): Illuminate\\Database\\Query\\Builder->get(Array)
#7 C:\\xampp\\htdocs\\CSE485_BTTH04\\vendor\\laravel\\framework\\src\\Illuminate\\Database\\Query\\Builder.php(3095): Illuminate\\Database\\Query\\Builder->first(Array)
#8 C:\\xampp\\htdocs\\CSE485_BTTH04\\vendor\\laravel\\framework\\src\\Illuminate\\Session\\DatabaseSessionHandler.php(96): Illuminate\\Database\\Query\\Builder->find('Tv8jLYZdNF0p0Nn...')
#9 C:\\xampp\\htdocs\\CSE485_BTTH04\\vendor\\laravel\\framework\\src\\Illuminate\\Session\\Store.php(117): Illuminate\\Session\\DatabaseSessionHandler->read('Tv8jLYZdNF0p0Nn...')
#10 C:\\xampp\\htdocs\\CSE485_BTTH04\\vendor\\laravel\\framework\\src\\Illuminate\\Session\\Store.php(105): Illuminate\\Session\\Store->readFromHandler()
#11 C:\\xampp\\htdocs\\CSE485_BTTH04\\vendor\\laravel\\framework\\src\\Illuminate\\Session\\Store.php(89): Illuminate\\Session\\Store->loadSession()
#12 C:\\xampp\\htdocs\\CSE485_BTTH04\\vendor\\laravel\\framework\\src\\Illuminate\\Session\\Middleware\\StartSession.php(146): Illuminate\\Session\\Store->start()
#13 C:\\xampp\\htdocs\\CSE485_BTTH04\\vendor\\laravel\\framework\\src\\Illuminate\\Support\\helpers.php(390): Illuminate\\Session\\Middleware\\StartSession->Illuminate\\Session\\Middleware\\{closure}(Object(Illuminate\\Session\\Store))
#14 C:\\xampp\\htdocs\\CSE485_BTTH04\\vendor\\laravel\\framework\\src\\Illuminate\\Session\\Middleware\\StartSession.php(143): tap(Object(Illuminate\\Session\\Store), Object(Closure))
#15 C:\\xampp\\htdocs\\CSE485_BTTH04\\vendor\\laravel\\framework\\src\\Illuminate\\Session\\Middleware\\StartSession.php(115): Illuminate\\Session\\Middleware\\StartSession->startSession(Object(Illuminate\\Http\\Request), Object(Illuminate\\Session\\Store))
#16 C:\\xampp\\htdocs\\CSE485_BTTH04\\vendor\\laravel\\framework\\src\\Illuminate\\Session\\Middleware\\StartSession.php(63): Illuminate\\Session\\Middleware\\StartSession->handleStatefulRequest(Object(Illuminate\\Http\\Request), Object(Illuminate\\Session\\Store), Object(Closure))
#17 C:\\xampp\\htdocs\\CSE485_BTTH04\\vendor\\laravel\\framework\\src\\Illuminate\\Pipeline\\Pipeline.php(219): Illuminate\\Session\\Middleware\\StartSession->handle(Object(Illuminate\\Http\\Request), Object(Closure))
#18 C:\\xampp\\htdocs\\CSE485_BTTH04\\vendor\\laravel\\framework\\src\\Illuminate\\Cookie\\Middleware\\AddQueuedCookiesToResponse.php(36): Illuminate\\Pipeline\\Pipeline->Illuminate\\Pipeline\\{closure}(Object(Illuminate\\Http\\Request))
#19 C:\\xampp\\htdocs\\CSE485_BTTH04\\vendor\\laravel\\framework\\src\\Illuminate\\Pipeline\\Pipeline.php(219): Illuminate\\Cookie\\Middleware\\AddQueuedCookiesToResponse->handle(Object(Illuminate\\Http\\Request), Object(Closure))
#20 C:\\xampp\\htdocs\\CSE485_BTTH04\\vendor\\laravel\\framework\\src\\Illuminate\\Cookie\\Middleware\\EncryptCookies.php(74): Illuminate\\Pipeline\\Pipeline->Illuminate\\Pipeline\\{closure}(Object(Illuminate\\Http\\Request))
#21 C:\\xampp\\htdocs\\CSE485_BTTH04\\vendor\\laravel\\framework\\src\\Illuminate\\Pipeline\\Pipeline.php(219): Illuminate\\Cookie\\Middleware\\EncryptCookies->handle(Object(Illuminate\\Http\\Request), Object(Closure))
#22 C:\\xampp\\htdocs\\CSE485_BTTH04\\vendor\\laravel\\framework\\src\\Illuminate\\Pipeline\\Pipeline.php(137): Illuminate\\Pipeline\\Pipeline->Illuminate\\Pipeline\\{closure}(Object(Illuminate\\Http\\Request))
#23 C:\\xampp\\htdocs\\CSE485_BTTH04\\vendor\\laravel\\framework\\src\\Illuminate\\Routing\\Router.php(821): Illuminate\\Pipeline\\Pipeline->then(Object(Closure))
#24 C:\\xampp\\htdocs\\CSE485_BTTH04\\vendor\\laravel\\framework\\src\\Illuminate\\Routing\\Router.php(800): Illuminate\\Routing\\Router->runRouteWithinStack(Object(Illuminate\\Routing\\Route), Object(Illuminate\\Http\\Request))
#25 C:\\xampp\\htdocs\\CSE485_BTTH04\\vendor\\laravel\\framework\\src\\Illuminate\\Routing\\Router.php(764): Illuminate\\Routing\\Router->runRoute(Object(Illuminate\\Http\\Request), Object(Illuminate\\Routing\\Route))
#26 C:\\xampp\\htdocs\\CSE485_BTTH04\\vendor\\laravel\\framework\\src\\Illuminate\\Routing\\Router.php(753): Illuminate\\Routing\\Router->dispatchToRoute(Object(Illuminate\\Http\\Request))
#27 C:\\xampp\\htdocs\\CSE485_BTTH04\\vendor\\laravel\\framework\\src\\Illuminate\\Foundation\\Http\\Kernel.php(200): Illuminate\\Routing\\Router->dispatch(Object(Illuminate\\Http\\Request))
#28 C:\\xampp\\htdocs\\CSE485_BTTH04\\vendor\\laravel\\framework\\src\\Illuminate\\Pipeline\\Pipeline.php(180): Illuminate\\Foundation\\Http\\Kernel->Illuminate\\Foundation\\Http\\{closure}(Object(Illuminate\\Http\\Request))
#29 C:\\xampp\\htdocs\\CSE485_BTTH04\\vendor\\laravel\\framework\\src\\Illuminate\\Foundation\\Http\\Middleware\\TransformsRequest.php(21): Illuminate\\Pipeline\\Pipeline->Illuminate\\Pipeline\\{closure}(Object(Illuminate\\Http\\Request))
#30 C:\\xampp\\htdocs\\CSE485_BTTH04\\vendor\\laravel\\framework\\src\\Illuminate\\Foundation\\Http\\Middleware\\ConvertEmptyStringsToNull.php(31): Illuminate\\Foundation\\Http\\Middleware\\TransformsRequest->handle(Object(Illuminate\\Http\\Request), Object(Closure))
#31 C:\\xampp\\htdocs\\CSE485_BTTH04\\vendor\\laravel\\framework\\src\\Illuminate\\Pipeline\\Pipeline.php(219): Illuminate\\Foundation\\Http\\Middleware\\ConvertEmptyStringsToNull->handle(Object(Illuminate\\Http\\Request), Object(Closure))
#32 C:\\xampp\\htdocs\\CSE485_BTTH04\\vendor\\laravel\\framework\\src\\Illuminate\\Foundation\\Http\\Middleware\\TransformsRequest.php(21): Illuminate\\Pipeline\\Pipeline->Illuminate\\Pipeline\\{closure}(Object(Illuminate\\Http\\Request))
#33 C:\\xampp\\htdocs\\CSE485_BTTH04\\vendor\\laravel\\framework\\src\\Illuminate\\Foundation\\Http\\Middleware\\TrimStrings.php(51): Illuminate\\Foundation\\Http\\Middleware\\TransformsRequest->handle(Object(Illuminate\\Http\\Request), Object(Closure))
#34 C:\\xampp\\htdocs\\CSE485_BTTH04\\vendor\\laravel\\framework\\src\\Illuminate\\Pipeline\\Pipeline.php(219): Illuminate\\Foundation\\Http\\Middleware\\TrimStrings->handle(Object(Illuminate\\Http\\Request), Object(Closure))
#35 C:\\xampp\\htdocs\\CSE485_BTTH04\\vendor\\laravel\\framework\\src\\Illuminate\\Http\\Middleware\\ValidatePostSize.php(27): Illuminate\\Pipeline\\Pipeline->Illuminate\\Pipeline\\{closure}(Object(Illuminate\\Http\\Request))
#36 C:\\xampp\\htdocs\\CSE485_BTTH04\\vendor\\laravel\\framework\\src\\Illuminate\\Pipeline\\Pipeline.php(219): Illuminate\\Http\\Middleware\\ValidatePostSize->handle(Object(Illuminate\\Http\\Request), Object(Closure))
#37 C:\\xampp\\htdocs\\CSE485_BTTH04\\vendor\\laravel\\framework\\src\\Illuminate\\Foundation\\Http\\Middleware\\PreventRequestsDuringMaintenance.php(109): Illuminate\\Pipeline\\Pipeline->Illuminate\\Pipeline\\{closure}(Object(Illuminate\\Http\\Request))
#38 C:\\xampp\\htdocs\\CSE485_BTTH04\\vendor\\laravel\\framework\\src\\Illuminate\\Pipeline\\Pipeline.php(219): Illuminate\\Foundation\\Http\\Middleware\\PreventRequestsDuringMaintenance->handle(Object(Illuminate\\Http\\Request), Object(Closure))
#39 C:\\xampp\\htdocs\\CSE485_BTTH04\\vendor\\laravel\\framework\\src\\Illuminate\\Http\\Middleware\\HandleCors.php(48): Illuminate\\Pipeline\\Pipeline->Illuminate\\Pipeline\\{closure}(Object(Illuminate\\Http\\Request))
#40 C:\\xampp\\htdocs\\CSE485_BTTH04\\vendor\\laravel\\framework\\src\\Illuminate\\Pipeline\\Pipeline.php(219): Illuminate\\Http\\Middleware\\HandleCors->handle(Object(Illuminate\\Http\\Request), Object(Closure))
#41 C:\\xampp\\htdocs\\CSE485_BTTH04\\vendor\\laravel\\framework\\src\\Illuminate\\Http\\Middleware\\TrustProxies.php(58): Illuminate\\Pipeline\\Pipeline->Illuminate\\Pipeline\\{closure}(Object(Illuminate\\Http\\Request))
#42 C:\\xampp\\htdocs\\CSE485_BTTH04\\vendor\\laravel\\framework\\src\\Illuminate\\Pipeline\\Pipeline.php(219): Illuminate\\Http\\Middleware\\TrustProxies->handle(Object(Illuminate\\Http\\Request), Object(Closure))
#43 C:\\xampp\\htdocs\\CSE485_BTTH04\\vendor\\laravel\\framework\\src\\Illuminate\\Foundation\\Http\\Middleware\\InvokeDeferredCallbacks.php(22): Illuminate\\Pipeline\\Pipeline->Illuminate\\Pipeline\\{closure}(Object(Illuminate\\Http\\Request))
#44 C:\\xampp\\htdocs\\CSE485_BTTH04\\vendor\\laravel\\framework\\src\\Illuminate\\Pipeline\\Pipeline.php(219): Illuminate\\Foundation\\Http\\Middleware\\InvokeDeferredCallbacks->handle(Object(Illuminate\\Http\\Request), Object(Closure))
#45 C:\\xampp\\htdocs\\CSE485_BTTH04\\vendor\\laravel\\framework\\src\\Illuminate\\Http\\Middleware\\ValidatePathEncoding.php(26): Illuminate\\Pipeline\\Pipeline->Illuminate\\Pipeline\\{closure}(Object(Illuminate\\Http\\Request))
#46 C:\\xampp\\htdocs\\CSE485_BTTH04\\vendor\\laravel\\framework\\src\\Illuminate\\Pipeline\\Pipeline.php(219): Illuminate\\Http\\Middleware\\ValidatePathEncoding->handle(Object(Illuminate\\Http\\Request), Object(Closure))
#47 C:\\xampp\\htdocs\\CSE485_BTTH04\\vendor\\laravel\\framework\\src\\Illuminate\\Pipeline\\Pipeline.php(137): Illuminate\\Pipeline\\Pipeline->Illuminate\\Pipeline\\{closure}(Object(Illuminate\\Http\\Request))
#48 C:\\xampp\\htdocs\\CSE485_BTTH04\\vendor\\laravel\\framework\\src\\Illuminate\\Foundation\\Http\\Kernel.php(175): Illuminate\\Pipeline\\Pipeline->then(Object(Closure))
#49 C:\\xampp\\htdocs\\CSE485_BTTH04\\vendor\\laravel\\framework\\src\\Illuminate\\Foundation\\Http\\Kernel.php(144): Illuminate\\Foundation\\Http\\Kernel->sendRequestThroughRouter(Object(Illuminate\\Http\\Request))
#50 C:\\xampp\\htdocs\\CSE485_BTTH04\\vendor\\laravel\\framework\\src\\Illuminate\\Foundation\\Application.php(1220): Illuminate\\Foundation\\Http\\Kernel->handle(Object(Illuminate\\Http\\Request))
#51 C:\\xampp\\htdocs\\CSE485_BTTH04\\public\\index.php(20): Illuminate\\Foundation\\Application->handleRequest(Object(Illuminate\\Http\\Request))
#52 C:\\xampp\\htdocs\\CSE485_BTTH04\\vendor\\laravel\\framework\\src\\Illuminate\\Foundation\\resources\\server.php(23): require_once('C:\\\\xampp\\\\htdocs...')
#53 {main}

[previous exception] [object] (PDOException(code: 42S02): SQLSTATE[42S02]: Base table or view not found: 1146 Table 'qlda.sessions' doesn't exist at C:\\xampp\\htdocs\\CSE485_BTTH04\\vendor\\laravel\\framework\\src\\Illuminate\\Database\\Connection.php:406)
[stacktrace]
#0 C:\\xampp\\htdocs\\CSE485_BTTH04\\vendor\\laravel\\framework\\src\\Illuminate\\Database\\Connection.php(406): PDO->prepare('select * from `...')
#1 C:\\xampp\\htdocs\\CSE485_BTTH04\\vendor\\laravel\\framework\\src\\Illuminate\\Database\\Connection.php(813): Illuminate\\Database\\Connection->Illuminate\\Database\\{closure}('select * from `...', Array)
#2 C:\\xampp\\htdocs\\CSE485_BTTH04\\vendor\\laravel\\framework\\src\\Illuminate\\Database\\Connection.php(780): Illuminate\\Database\\Connection->runQueryCallback('select * from `...', Array, Object(Closure))
#3 C:\\xampp\\htdocs\\CSE485_BTTH04\\vendor\\laravel\\framework\\src\\Illuminate\\Database\\Connection.php(397): Illuminate\\Database\\Connection->run('select * from `...', Array, Object(Closure))
#4 C:\\xampp\\htdocs\\CSE485_BTTH04\\vendor\\laravel\\framework\\src\\Illuminate\\Database\\Query\\Builder.php(3188): Illuminate\\Database\\Connection->select('select * from `...', Array, false)
#5 C:\\xampp\\htdocs\\CSE485_BTTH04\\vendor\\laravel\\framework\\src\\Illuminate\\Database\\Query\\Builder.php(3173): Illuminate\\Database\\Query\\Builder->runSelect()
#6 C:\\xampp\\htdocs\\CSE485_BTTH04\\vendor\\laravel\\framework\\src\\Illuminate\\Database\\Query\\Builder.php(3763): Illuminate\\Database\\Query\\Builder->Illuminate\\Database\\Query\\{closure}()
#7 C:\\xampp\\htdocs\\CSE485_BTTH04\\vendor\\laravel\\framework\\src\\Illuminate\\Database\\Query\\Builder.php(3172): Illuminate\\Database\\Query\\Builder->onceWithColumns(Array, Object(Closure))
#8 C:\\xampp\\htdocs\\CSE485_BTTH04\\vendor\\laravel\\framework\\src\\Illuminate\\Database\\Concerns\\BuildsQueries.php(366): Illuminate\\Database\\Query\\Builder->get(Array)
#9 C:\\xampp\\htdocs\\CSE485_BTTH04\\vendor\\laravel\\framework\\src\\Illuminate\\Database\\Query\\Builder.php(3095): Illuminate\\Database\\Query\\Builder->first(Array)
#10 C:\\xampp\\htdocs\\CSE485_BTTH04\\vendor\\laravel\\framework\\src\\Illuminate\\Session\\DatabaseSessionHandler.php(96): Illuminate\\Database\\Query\\Builder->find('Tv8jLYZdNF0p0Nn...')
#11 C:\\xampp\\htdocs\\CSE485_BTTH04\\vendor\\laravel\\framework\\src\\Illuminate\\Session\\Store.php(117): Illuminate\\Session\\DatabaseSessionHandler->read('Tv8jLYZdNF0p0Nn...')
#12 C:\\xampp\\htdocs\\CSE485_BTTH04\\vendor\\laravel\\framework\\src\\Illuminate\\Session\\Store.php(105): Illuminate\\Session\\Store->readFromHandler()
#13 C:\\xampp\\htdocs\\CSE485_BTTH04\\vendor\\laravel\\framework\\src\\Illuminate\\Session\\Store.php(89): Illuminate\\Session\\Store->loadSession()
#14 C:\\xampp\\htdocs\\CSE485_BTTH04\\vendor\\laravel\\framework\\src\\Illuminate\\Session\\Middleware\\StartSession.php(146): Illuminate\\Session\\Store->start()
#15 C:\\xampp\\htdocs\\CSE485_BTTH04\\vendor\\laravel\\framework\\src\\Illuminate\\Support\\helpers.php(390): Illuminate\\Session\\Middleware\\StartSession->Illuminate\\Session\\Middleware\\{closure}(Object(Illuminate\\Session\\Store))
#16 C:\\xampp\\htdocs\\CSE485_BTTH04\\vendor\\laravel\\framework\\src\\Illuminate\\Session\\Middleware\\StartSession.php(143): tap(Object(Illuminate\\Session\\Store), Object(Closure))
#17 C:\\xampp\\htdocs\\CSE485_BTTH04\\vendor\\laravel\\framework\\src\\Illuminate\\Session\\Middleware\\StartSession.php(115): Illuminate\\Session\\Middleware\\StartSession->startSession(Object(Illuminate\\Http\\Request), Object(Illuminate\\Session\\Store))
#18 C:\\xampp\\htdocs\\CSE485_BTTH04\\vendor\\laravel\\framework\\src\\Illuminate\\Session\\Middleware\\StartSession.php(63): Illuminate\\Session\\Middleware\\StartSession->handleStatefulRequest(Object(Illuminate\\Http\\Request), Object(Illuminate\\Session\\Store), Object(Closure))
#19 C:\\xampp\\htdocs\\CSE485_BTTH04\\vendor\\laravel\\framework\\src\\Illuminate\\Pipeline\\Pipeline.php(219): Illuminate\\Session\\Middleware\\StartSession->handle(Object(Illuminate\\Http\\Request), Object(Closure))
#20 C:\\xampp\\htdocs\\CSE485_BTTH04\\vendor\\laravel\\framework\\src\\Illuminate\\Cookie\\Middleware\\AddQueuedCookiesToResponse.php(36): Illuminate\\Pipeline\\Pipeline->Illuminate\\Pipeline\\{closure}(Object(Illuminate\\Http\\Request))
#21 C:\\xampp\\htdocs\\CSE485_BTTH04\\vendor\\laravel\\framework\\src\\Illuminate\\Pipeline\\Pipeline.php(219): Illuminate\\Cookie\\Middleware\\AddQueuedCookiesToResponse->handle(Object(Illuminate\\Http\\Request), Object(Closure))
#22 C:\\xampp\\htdocs\\CSE485_BTTH04\\vendor\\laravel\\framework\\src\\Illuminate\\Cookie\\Middleware\\EncryptCookies.php(74): Illuminate\\Pipeline\\Pipeline->Illuminate\\Pipeline\\{closure}(Object(Illuminate\\Http\\Request))
#23 C:\\xampp\\htdocs\\CSE485_BTTH04\\vendor\\laravel\\framework\\src\\Illuminate\\Pipeline\\Pipeline.php(219): Illuminate\\Cookie\\Middleware\\EncryptCookies->handle(Object(Illuminate\\Http\\Request), Object(Closure))
#24 C:\\xampp\\htdocs\\CSE485_BTTH04\\vendor\\laravel\\framework\\src\\Illuminate\\Pipeline\\Pipeline.php(137): Illuminate\\Pipeline\\Pipeline->Illuminate\\Pipeline\\{closure}(Object(Illuminate\\Http\\Request))
#25 C:\\xampp\\htdocs\\CSE485_BTTH04\\vendor\\laravel\\framework\\src\\Illuminate\\Routing\\Router.php(821): Illuminate\\Pipeline\\Pipeline->then(Object(Closure))
#26 C:\\xampp\\htdocs\\CSE485_BTTH04\\vendor\\laravel\\framework\\src\\Illuminate\\Routing\\Router.php(800): Illuminate\\Routing\\Router->runRouteWithinStack(Object(Illuminate\\Routing\\Route), Object(Illuminate\\Http\\Request))
#27 C:\\xampp\\htdocs\\CSE485_BTTH04\\vendor\\laravel\\framework\\src\\Illuminate\\Routing\\Router.php(764): Illuminate\\Routing\\Router->runRoute(Object(Illuminate\\Http\\Request), Object(Illuminate\\Routing\\Route))
#28 C:\\xampp\\htdocs\\CSE485_BTTH04\\vendor\\laravel\\framework\\src\\Illuminate\\Routing\\Router.php(753): Illuminate\\Routing\\Router->dispatchToRoute(Object(Illuminate\\Http\\Request))
#29 C:\\xampp\\htdocs\\CSE485_BTTH04\\vendor\\laravel\\framework\\src\\Illuminate\\Foundation\\Http\\Kernel.php(200): Illuminate\\Routing\\Router->dispatch(Object(Illuminate\\Http\\Request))
#30 C:\\xampp\\htdocs\\CSE485_BTTH04\\vendor\\laravel\\framework\\src\\Illuminate\\Pipeline\\Pipeline.php(180): Illuminate\\Foundation\\Http\\Kernel->Illuminate\\Foundation\\Http\\{closure}(Object(Illuminate\\Http\\Request))
#31 C:\\xampp\\htdocs\\CSE485_BTTH04\\vendor\\laravel\\framework\\src\\Illuminate\\Foundation\\Http\\Middleware\\TransformsRequest.php(21): Illuminate\\Pipeline\\Pipeline->Illuminate\\Pipeline\\{closure}(Object(Illuminate\\Http\\Request))
#32 C:\\xampp\\htdocs\\CSE485_BTTH04\\vendor\\laravel\\framework\\src\\Illuminate\\Foundation\\Http\\Middleware\\ConvertEmptyStringsToNull.php(31): Illuminate\\Foundation\\Http\\Middleware\\TransformsRequest->handle(Object(Illuminate\\Http\\Request), Object(Closure))
#33 C:\\xampp\\htdocs\\CSE485_BTTH04\\vendor\\laravel\\framework\\src\\Illuminate\\Pipeline\\Pipeline.php(219): Illuminate\\Foundation\\Http\\Middleware\\ConvertEmptyStringsToNull->handle(Object(Illuminate\\Http\\Request), Object(Closure))
#34 C:\\xampp\\htdocs\\CSE485_BTTH04\\vendor\\laravel\\framework\\src\\Illuminate\\Foundation\\Http\\Middleware\\TransformsRequest.php(21): Illuminate\\Pipeline\\Pipeline->Illuminate\\Pipeline\\{closure}(Object(Illuminate\\Http\\Request))
#35 C:\\xampp\\htdocs\\CSE485_BTTH04\\vendor\\laravel\\framework\\src\\Illuminate\\Foundation\\Http\\Middleware\\TrimStrings.php(51): Illuminate\\Foundation\\Http\\Middleware\\TransformsRequest->handle(Object(Illuminate\\Http\\Request), Object(Closure))
#36 C:\\xampp\\htdocs\\CSE485_BTTH04\\vendor\\laravel\\framework\\src\\Illuminate\\Pipeline\\Pipeline.php(219): Illuminate\\Foundation\\Http\\Middleware\\TrimStrings->handle(Object(Illuminate\\Http\\Request), Object(Closure))
#37 C:\\xampp\\htdocs\\CSE485_BTTH04\\vendor\\laravel\\framework\\src\\Illuminate\\Http\\Middleware\\ValidatePostSize.php(27): Illuminate\\Pipeline\\Pipeline->Illuminate\\Pipeline\\{closure}(Object(Illuminate\\Http\\Request))
#38 C:\\xampp\\htdocs\\CSE485_BTTH04\\vendor\\laravel\\framework\\src\\Illuminate\\Pipeline\\Pipeline.php(219): Illuminate\\Http\\Middleware\\ValidatePostSize->handle(Object(Illuminate\\Http\\Request), Object(Closure))
#39 C:\\xampp\\htdocs\\CSE485_BTTH04\\vendor\\laravel\\framework\\src\\Illuminate\\Foundation\\Http\\Middleware\\PreventRequestsDuringMaintenance.php(109): Illuminate\\Pipeline\\Pipeline->Illuminate\\Pipeline\\{closure}(Object(Illuminate\\Http\\Request))
#40 C:\\xampp\\htdocs\\CSE485_BTTH04\\vendor\\laravel\\framework\\src\\Illuminate\\Pipeline\\Pipeline.php(219): Illuminate\\Foundation\\Http\\Middleware\\PreventRequestsDuringMaintenance->handle(Object(Illuminate\\Http\\Request), Object(Closure))
#41 C:\\xampp\\htdocs\\CSE485_BTTH04\\vendor\\laravel\\framework\\src\\Illuminate\\Http\\Middleware\\HandleCors.php(48): Illuminate\\Pipeline\\Pipeline->Illuminate\\Pipeline\\{closure}(Object(Illuminate\\Http\\Request))
#42 C:\\xampp\\htdocs\\CSE485_BTTH04\\vendor\\laravel\\framework\\src\\Illuminate\\Pipeline\\Pipeline.php(219): Illuminate\\Http\\Middleware\\HandleCors->handle(Object(Illuminate\\Http\\Request), Object(Closure))
#43 C:\\xampp\\htdocs\\CSE485_BTTH04\\vendor\\laravel\\framework\\src\\Illuminate\\Http\\Middleware\\TrustProxies.php(58): Illuminate\\Pipeline\\Pipeline->Illuminate\\Pipeline\\{closure}(Object(Illuminate\\Http\\Request))
#44 C:\\xampp\\htdocs\\CSE485_BTTH04\\vendor\\laravel\\framework\\src\\Illuminate\\Pipeline\\Pipeline.php(219): Illuminate\\Http\\Middleware\\TrustProxies->handle(Object(Illuminate\\Http\\Request), Object(Closure))
#45 C:\\xampp\\htdocs\\CSE485_BTTH04\\vendor\\laravel\\framework\\src\\Illuminate\\Foundation\\Http\\Middleware\\InvokeDeferredCallbacks.php(22): Illuminate\\Pipeline\\Pipeline->Illuminate\\Pipeline\\{closure}(Object(Illuminate\\Http\\Request))
#46 C:\\xampp\\htdocs\\CSE485_BTTH04\\vendor\\laravel\\framework\\src\\Illuminate\\Pipeline\\Pipeline.php(219): Illuminate\\Foundation\\Http\\Middleware\\InvokeDeferredCallbacks->handle(Object(Illuminate\\Http\\Request), Object(Closure))
#47 C:\\xampp\\htdocs\\CSE485_BTTH04\\vendor\\laravel\\framework\\src\\Illuminate\\Http\\Middleware\\ValidatePathEncoding.php(26): Illuminate\\Pipeline\\Pipeline->Illuminate\\Pipeline\\{closure}(Object(Illuminate\\Http\\Request))
#48 C:\\xampp\\htdocs\\CSE485_BTTH04\\vendor\\laravel\\framework\\src\\Illuminate\\Pipeline\\Pipeline.php(219): Illuminate\\Http\\Middleware\\ValidatePathEncoding->handle(Object(Illuminate\\Http\\Request), Object(Closure))
#49 C:\\xampp\\htdocs\\CSE485_BTTH04\\vendor\\laravel\\framework\\src\\Illuminate\\Pipeline\\Pipeline.php(137): Illuminate\\Pipeline\\Pipeline->Illuminate\\Pipeline\\{closure}(Object(Illuminate\\Http\\Request))
#50 C:\\xampp\\htdocs\\CSE485_BTTH04\\vendor\\laravel\\framework\\src\\Illuminate\\Foundation\\Http\\Kernel.php(175): Illuminate\\Pipeline\\Pipeline->then(Object(Closure))
#51 C:\\xampp\\htdocs\\CSE485_BTTH04\\vendor\\laravel\\framework\\src\\Illuminate\\Foundation\\Http\\Kernel.php(144): Illuminate\\Foundation\\Http\\Kernel->sendRequestThroughRouter(Object(Illuminate\\Http\\Request))
#52 C:\\xampp\\htdocs\\CSE485_BTTH04\\vendor\\laravel\\framework\\src\\Illuminate\\Foundation\\Application.php(1220): Illuminate\\Foundation\\Http\\Kernel->handle(Object(Illuminate\\Http\\Request))
#53 C:\\xampp\\htdocs\\CSE485_BTTH04\\public\\index.php(20): Illuminate\\Foundation\\Application->handleRequest(Object(Illuminate\\Http\\Request))
#54 C:\\xampp\\htdocs\\CSE485_BTTH04\\vendor\\laravel\\framework\\src\\Illuminate\\Foundation\\resources\\server.php(23): require_once('C:\\\\xampp\\\\htdocs...')
#55 {main}
"} 
[2025-12-20 04:02:36] local.ERROR: SQLSTATE[42S02]: Base table or view not found: 1146 Table 'qlda.sessions' doesn't exist (Connection: mysql, SQL: select * from `sessions` where `id` = ofGCRxZIYXUQ0FLEVLFa6amKiqXX834Ljh1gX7Z1 limit 1) {"exception":"[object] (Illuminate\\Database\\QueryException(code: 42S02): SQLSTATE[42S02]: Base table or view not found: 1146 Table 'qlda.sessions' doesn't exist (Connection: mysql, SQL: select * from `sessions` where `id` = ofGCRxZIYXUQ0FLEVLFa6amKiqXX834Ljh1gX7Z1 limit 1) at C:\\xampp\\htdocs\\CSE485_BTTH04\\vendor\\laravel\\framework\\src\\Illuminate\\Database\\Connection.php:826)
[stacktrace]
#0 C:\\xampp\\htdocs\\CSE485_BTTH04\\vendor\\laravel\\framework\\src\\Illuminate\\Database\\Connection.php(780): Illuminate\\Database\\Connection->runQueryCallback('select * from `...', Array, Object(Closure))
#1 C:\\xampp\\htdocs\\CSE485_BTTH04\\vendor\\laravel\\framework\\src\\Illuminate\\Database\\Connection.php(397): Illuminate\\Database\\Connection->run('select * from `...', Array, Object(Closure))
#2 C:\\xampp\\htdocs\\CSE485_BTTH04\\vendor\\laravel\\framework\\src\\Illuminate\\Database\\Query\\Builder.php(3188): Illuminate\\Database\\Connection->select('select * from `...', Array, false)
#3 C:\\xampp\\htdocs\\CSE485_BTTH04\\vendor\\laravel\\framework\\src\\Illuminate\\Database\\Query\\Builder.php(3173): Illuminate\\Database\\Query\\Builder->runSelect()
#4 C:\\xampp\\htdocs\\CSE485_BTTH04\\vendor\\laravel\\framework\\src\\Illuminate\\Database\\Query\\Builder.php(3763): Illuminate\\Database\\Query\\Builder->Illuminate\\Database\\Query\\{closure}()
#5 C:\\xampp\\htdocs\\CSE485_BTTH04\\vendor\\laravel\\framework\\src\\Illuminate\\Database\\Query\\Builder.php(3172): Illuminate\\Database\\Query\\Builder->onceWithColumns(Array, Object(Closure))
#6 C:\\xampp\\htdocs\\CSE485_BTTH04\\vendor\\laravel\\framework\\src\\Illuminate\\Database\\Concerns\\BuildsQueries.php(366): Illuminate\\Database\\Query\\Builder->get(Array)
#7 C:\\xampp\\htdocs\\CSE485_BTTH04\\vendor\\laravel\\framework\\src\\Illuminate\\Database\\Query\\Builder.php(3095): Illuminate\\Database\\Query\\Builder->first(Array)
#8 C:\\xampp\\htdocs\\CSE485_BTTH04\\vendor\\laravel\\framework\\src\\Illuminate\\Session\\DatabaseSessionHandler.php(96): Illuminate\\Database\\Query\\Builder->find('ofGCRxZIYXUQ0FL...')
#9 C:\\xampp\\htdocs\\CSE485_BTTH04\\vendor\\laravel\\framework\\src\\Illuminate\\Session\\Store.php(117): Illuminate\\Session\\DatabaseSessionHandler->read('ofGCRxZIYXUQ0FL...')
#10 C:\\xampp\\htdocs\\CSE485_BTTH04\\vendor\\laravel\\framework\\src\\Illuminate\\Session\\Store.php(105): Illuminate\\Session\\Store->readFromHandler()
#11 C:\\xampp\\htdocs\\CSE485_BTTH04\\vendor\\laravel\\framework\\src\\Illuminate\\Session\\Store.php(89): Illuminate\\Session\\Store->loadSession()
#12 C:\\xampp\\htdocs\\CSE485_BTTH04\\vendor\\laravel\\framework\\src\\Illuminate\\Session\\Middleware\\StartSession.php(146): Illuminate\\Session\\Store->start()
#13 C:\\xampp\\htdocs\\CSE485_BTTH04\\vendor\\laravel\\framework\\src\\Illuminate\\Support\\helpers.php(390): Illuminate\\Session\\Middleware\\StartSession->Illuminate\\Session\\Middleware\\{closure}(Object(Illuminate\\Session\\Store))
#14 C:\\xampp\\htdocs\\CSE485_BTTH04\\vendor\\laravel\\framework\\src\\Illuminate\\Session\\Middleware\\StartSession.php(143): tap(Object(Illuminate\\Session\\Store), Object(Closure))
#15 C:\\xampp\\htdocs\\CSE485_BTTH04\\vendor\\laravel\\framework\\src\\Illuminate\\Session\\Middleware\\StartSession.php(115): Illuminate\\Session\\Middleware\\StartSession->startSession(Object(Illuminate\\Http\\Request), Object(Illuminate\\Session\\Store))
#16 C:\\xampp\\htdocs\\CSE485_BTTH04\\vendor\\laravel\\framework\\src\\Illuminate\\Session\\Middleware\\StartSession.php(63): Illuminate\\Session\\Middleware\\StartSession->handleStatefulRequest(Object(Illuminate\\Http\\Request), Object(Illuminate\\Session\\Store), Object(Closure))
#17 C:\\xampp\\htdocs\\CSE485_BTTH04\\vendor\\laravel\\framework\\src\\Illuminate\\Pipeline\\Pipeline.php(219): Illuminate\\Session\\Middleware\\StartSession->handle(Object(Illuminate\\Http\\Request), Object(Closure))
#18 C:\\xampp\\htdocs\\CSE485_BTTH04\\vendor\\laravel\\framework\\src\\Illuminate\\Cookie\\Middleware\\AddQueuedCookiesToResponse.php(36): Illuminate\\Pipeline\\Pipeline->Illuminate\\Pipeline\\{closure}(Object(Illuminate\\Http\\Request))
#19 C:\\xampp\\htdocs\\CSE485_BTTH04\\vendor\\laravel\\framework\\src\\Illuminate\\Pipeline\\Pipeline.php(219): Illuminate\\Cookie\\Middleware\\AddQueuedCookiesToResponse->handle(Object(Illuminate\\Http\\Request), Object(Closure))
#20 C:\\xampp\\htdocs\\CSE485_BTTH04\\vendor\\laravel\\framework\\src\\Illuminate\\Cookie\\Middleware\\EncryptCookies.php(74): Illuminate\\Pipeline\\Pipeline->Illuminate\\Pipeline\\{closure}(Object(Illuminate\\Http\\Request))
#21 C:\\xampp\\htdocs\\CSE485_BTTH04\\vendor\\laravel\\framework\\src\\Illuminate\\Pipeline\\Pipeline.php(219): Illuminate\\Cookie\\Middleware\\EncryptCookies->handle(Object(Illuminate\\Http\\Request), Object(Closure))
#22 C:\\xampp\\htdocs\\CSE485_BTTH04\\vendor\\laravel\\framework\\src\\Illuminate\\Pipeline\\Pipeline.php(137): Illuminate\\Pipeline\\Pipeline->Illuminate\\Pipeline\\{closure}(Object(Illuminate\\Http\\Request))
#23 C:\\xampp\\htdocs\\CSE485_BTTH04\\vendor\\laravel\\framework\\src\\Illuminate\\Routing\\Router.php(821): Illuminate\\Pipeline\\Pipeline->then(Object(Closure))
#24 C:\\xampp\\htdocs\\CSE485_BTTH04\\vendor\\laravel\\framework\\src\\Illuminate\\Routing\\Router.php(800): Illuminate\\Routing\\Router->runRouteWithinStack(Object(Illuminate\\Routing\\Route), Object(Illuminate\\Http\\Request))
#25 C:\\xampp\\htdocs\\CSE485_BTTH04\\vendor\\laravel\\framework\\src\\Illuminate\\Routing\\Router.php(764): Illuminate\\Routing\\Router->runRoute(Object(Illuminate\\Http\\Request), Object(Illuminate\\Routing\\Route))
#26 C:\\xampp\\htdocs\\CSE485_BTTH04\\vendor\\laravel\\framework\\src\\Illuminate\\Routing\\Router.php(753): Illuminate\\Routing\\Router->dispatchToRoute(Object(Illuminate\\Http\\Request))
#27 C:\\xampp\\htdocs\\CSE485_BTTH04\\vendor\\laravel\\framework\\src\\Illuminate\\Foundation\\Http\\Kernel.php(200): Illuminate\\Routing\\Router->dispatch(Object(Illuminate\\Http\\Request))
#28 C:\\xampp\\htdocs\\CSE485_BTTH04\\vendor\\laravel\\framework\\src\\Illuminate\\Pipeline\\Pipeline.php(180): Illuminate\\Foundation\\Http\\Kernel->Illuminate\\Foundation\\Http\\{closure}(Object(Illuminate\\Http\\Request))
#29 C:\\xampp\\htdocs\\CSE485_BTTH04\\vendor\\laravel\\framework\\src\\Illuminate\\Foundation\\Http\\Middleware\\TransformsRequest.php(21): Illuminate\\Pipeline\\Pipeline->Illuminate\\Pipeline\\{closure}(Object(Illuminate\\Http\\Request))
#30 C:\\xampp\\htdocs\\CSE485_BTTH04\\vendor\\laravel\\framework\\src\\Illuminate\\Foundation\\Http\\Middleware\\ConvertEmptyStringsToNull.php(31): Illuminate\\Foundation\\Http\\Middleware\\TransformsRequest->handle(Object(Illuminate\\Http\\Request), Object(Closure))
#31 C:\\xampp\\htdocs\\CSE485_BTTH04\\vendor\\laravel\\framework\\src\\Illuminate\\Pipeline\\Pipeline.php(219): Illuminate\\Foundation\\Http\\Middleware\\ConvertEmptyStringsToNull->handle(Object(Illuminate\\Http\\Request), Object(Closure))
#32 C:\\xampp\\htdocs\\CSE485_BTTH04\\vendor\\laravel\\framework\\src\\Illuminate\\Foundation\\Http\\Middleware\\TransformsRequest.php(21): Illuminate\\Pipeline\\Pipeline->Illuminate\\Pipeline\\{closure}(Object(Illuminate\\Http\\Request))
#33 C:\\xampp\\htdocs\\CSE485_BTTH04\\vendor\\laravel\\framework\\src\\Illuminate\\Foundation\\Http\\Middleware\\TrimStrings.php(51): Illuminate\\Foundation\\Http\\Middleware\\TransformsRequest->handle(Object(Illuminate\\Http\\Request), Object(Closure))
#34 C:\\xampp\\htdocs\\CSE485_BTTH04\\vendor\\laravel\\framework\\src\\Illuminate\\Pipeline\\Pipeline.php(219): Illuminate\\Foundation\\Http\\Middleware\\TrimStrings->handle(Object(Illuminate\\Http\\Request), Object(Closure))
#35 C:\\xampp\\htdocs\\CSE485_BTTH04\\vendor\\laravel\\framework\\src\\Illuminate\\Http\\Middleware\\ValidatePostSize.php(27): Illuminate\\Pipeline\\Pipeline->Illuminate\\Pipeline\\{closure}(Object(Illuminate\\Http\\Request))
#36 C:\\xampp\\htdocs\\CSE485_BTTH04\\vendor\\laravel\\framework\\src\\Illuminate\\Pipeline\\Pipeline.php(219): Illuminate\\Http\\Middleware\\ValidatePostSize->handle(Object(Illuminate\\Http\\Request), Object(Closure))
#37 C:\\xampp\\htdocs\\CSE485_BTTH04\\vendor\\laravel\\framework\\src\\Illuminate\\Foundation\\Http\\Middleware\\PreventRequestsDuringMaintenance.php(109): Illuminate\\Pipeline\\Pipeline->Illuminate\\Pipeline\\{closure}(Object(Illuminate\\Http\\Request))
#38 C:\\xampp\\htdocs\\CSE485_BTTH04\\vendor\\laravel\\framework\\src\\Illuminate\\Pipeline\\Pipeline.php(219): Illuminate\\Foundation\\Http\\Middleware\\PreventRequestsDuringMaintenance->handle(Object(Illuminate\\Http\\Request), Object(Closure))
#39 C:\\xampp\\htdocs\\CSE485_BTTH04\\vendor\\laravel\\framework\\src\\Illuminate\\Http\\Middleware\\HandleCors.php(48): Illuminate\\Pipeline\\Pipeline->Illuminate\\Pipeline\\{closure}(Object(Illuminate\\Http\\Request))
#40 C:\\xampp\\htdocs\\CSE485_BTTH04\\vendor\\laravel\\framework\\src\\Illuminate\\Pipeline\\Pipeline.php(219): Illuminate\\Http\\Middleware\\HandleCors->handle(Object(Illuminate\\Http\\Request), Object(Closure))
#41 C:\\xampp\\htdocs\\CSE485_BTTH04\\vendor\\laravel\\framework\\src\\Illuminate\\Http\\Middleware\\TrustProxies.php(58): Illuminate\\Pipeline\\Pipeline->Illuminate\\Pipeline\\{closure}(Object(Illuminate\\Http\\Request))
#42 C:\\xampp\\htdocs\\CSE485_BTTH04\\vendor\\laravel\\framework\\src\\Illuminate\\Pipeline\\Pipeline.php(219): Illuminate\\Http\\Middleware\\TrustProxies->handle(Object(Illuminate\\Http\\Request), Object(Closure))
#43 C:\\xampp\\htdocs\\CSE485_BTTH04\\vendor\\laravel\\framework\\src\\Illuminate\\Foundation\\Http\\Middleware\\InvokeDeferredCallbacks.php(22): Illuminate\\Pipeline\\Pipeline->Illuminate\\Pipeline\\{closure}(Object(Illuminate\\Http\\Request))
#44 C:\\xampp\\htdocs\\CSE485_BTTH04\\vendor\\laravel\\framework\\src\\Illuminate\\Pipeline\\Pipeline.php(219): Illuminate\\Foundation\\Http\\Middleware\\InvokeDeferredCallbacks->handle(Object(Illuminate\\Http\\Request), Object(Closure))
#45 C:\\xampp\\htdocs\\CSE485_BTTH04\\vendor\\laravel\\framework\\src\\Illuminate\\Http\\Middleware\\ValidatePathEncoding.php(26): Illuminate\\Pipeline\\Pipeline->Illuminate\\Pipeline\\{closure}(Object(Illuminate\\Http\\Request))
#46 C:\\xampp\\htdocs\\CSE485_BTTH04\\vendor\\laravel\\framework\\src\\Illuminate\\Pipeline\\Pipeline.php(219): Illuminate\\Http\\Middleware\\ValidatePathEncoding->handle(Object(Illuminate\\Http\\Request), Object(Closure))
#47 C:\\xampp\\htdocs\\CSE485_BTTH04\\vendor\\laravel\\framework\\src\\Illuminate\\Pipeline\\Pipeline.php(137): Illuminate\\Pipeline\\Pipeline->Illuminate\\Pipeline\\{closure}(Object(Illuminate\\Http\\Request))
#48 C:\\xampp\\htdocs\\CSE485_BTTH04\\vendor\\laravel\\framework\\src\\Illuminate\\Foundation\\Http\\Kernel.php(175): Illuminate\\Pipeline\\Pipeline->then(Object(Closure))
#49 C:\\xampp\\htdocs\\CSE485_BTTH04\\vendor\\laravel\\framework\\src\\Illuminate\\Foundation\\Http\\Kernel.php(144): Illuminate\\Foundation\\Http\\Kernel->sendRequestThroughRouter(Object(Illuminate\\Http\\Request))
#50 C:\\xampp\\htdocs\\CSE485_BTTH04\\vendor\\laravel\\framework\\src\\Illuminate\\Foundation\\Application.php(1220): Illuminate\\Foundation\\Http\\Kernel->handle(Object(Illuminate\\Http\\Request))
#51 C:\\xampp\\htdocs\\CSE485_BTTH04\\public\\index.php(20): Illuminate\\Foundation\\Application->handleRequest(Object(Illuminate\\Http\\Request))
#52 C:\\xampp\\htdocs\\CSE485_BTTH04\\vendor\\laravel\\framework\\src\\Illuminate\\Foundation\\resources\\server.php(23): require_once('C:\\\\xampp\\\\htdocs...')
#53 {main}

[previous exception] [object] (PDOException(code: 42S02): SQLSTATE[42S02]: Base table or view not found: 1146 Table 'qlda.sessions' doesn't exist at C:\\xampp\\htdocs\\CSE485_BTTH04\\vendor\\laravel\\framework\\src\\Illuminate\\Database\\Connection.php:406)
[stacktrace]
#0 C:\\xampp\\htdocs\\CSE485_BTTH04\\vendor\\laravel\\framework\\src\\Illuminate\\Database\\Connection.php(406): PDO->prepare('select * from `...')
#1 C:\\xampp\\htdocs\\CSE485_BTTH04\\vendor\\laravel\\framework\\src\\Illuminate\\Database\\Connection.php(813): Illuminate\\Database\\Connection->Illuminate\\Database\\{closure}('select * from `...', Array)
#2 C:\\xampp\\htdocs\\CSE485_BTTH04\\vendor\\laravel\\framework\\src\\Illuminate\\Database\\Connection.php(780): Illuminate\\Database\\Connection->runQueryCallback('select * from `...', Array, Object(Closure))
#3 C:\\xampp\\htdocs\\CSE485_BTTH04\\vendor\\laravel\\framework\\src\\Illuminate\\Database\\Connection.php(397): Illuminate\\Database\\Connection->run('select * from `...', Array, Object(Closure))
#4 C:\\xampp\\htdocs\\CSE485_BTTH04\\vendor\\laravel\\framework\\src\\Illuminate\\Database\\Query\\Builder.php(3188): Illuminate\\Database\\Connection->select('select * from `...', Array, false)
#5 C:\\xampp\\htdocs\\CSE485_BTTH04\\vendor\\laravel\\framework\\src\\Illuminate\\Database\\Query\\Builder.php(3173): Illuminate\\Database\\Query\\Builder->runSelect()
#6 C:\\xampp\\htdocs\\CSE485_BTTH04\\vendor\\laravel\\framework\\src\\Illuminate\\Database\\Query\\Builder.php(3763): Illuminate\\Database\\Query\\Builder->Illuminate\\Database\\Query\\{closure}()
#7 C:\\xampp\\htdocs\\CSE485_BTTH04\\vendor\\laravel\\framework\\src\\Illuminate\\Database\\Query\\Builder.php(3172): Illuminate\\Database\\Query\\Builder->onceWithColumns(Array, Object(Closure))
#8 C:\\xampp\\htdocs\\CSE485_BTTH04\\vendor\\laravel\\framework\\src\\Illuminate\\Database\\Concerns\\BuildsQueries.php(366): Illuminate\\Database\\Query\\Builder->get(Array)
#9 C:\\xampp\\htdocs\\CSE485_BTTH04\\vendor\\laravel\\framework\\src\\Illuminate\\Database\\Query\\Builder.php(3095): Illuminate\\Database\\Query\\Builder->first(Array)
#10 C:\\xampp\\htdocs\\CSE485_BTTH04\\vendor\\laravel\\framework\\src\\Illuminate\\Session\\DatabaseSessionHandler.php(96): Illuminate\\Database\\Query\\Builder->find('ofGCRxZIYXUQ0FL...')
#11 C:\\xampp\\htdocs\\CSE485_BTTH04\\vendor\\laravel\\framework\\src\\Illuminate\\Session\\Store.php(117): Illuminate\\Session\\DatabaseSessionHandler->read('ofGCRxZIYXUQ0FL...')
#12 C:\\xampp\\htdocs\\CSE485_BTTH04\\vendor\\laravel\\framework\\src\\Illuminate\\Session\\Store.php(105): Illuminate\\Session\\Store->readFromHandler()
#13 C:\\xampp\\htdocs\\CSE485_BTTH04\\vendor\\laravel\\framework\\src\\Illuminate\\Session\\Store.php(89): Illuminate\\Session\\Store->loadSession()
#14 C:\\xampp\\htdocs\\CSE485_BTTH04\\vendor\\laravel\\framework\\src\\Illuminate\\Session\\Middleware\\StartSession.php(146): Illuminate\\Session\\Store->start()
#15 C:\\xampp\\htdocs\\CSE485_BTTH04\\vendor\\laravel\\framework\\src\\Illuminate\\Support\\helpers.php(390): Illuminate\\Session\\Middleware\\StartSession->Illuminate\\Session\\Middleware\\{closure}(Object(Illuminate\\Session\\Store))
#16 C:\\xampp\\htdocs\\CSE485_BTTH04\\vendor\\laravel\\framework\\src\\Illuminate\\Session\\Middleware\\StartSession.php(143): tap(Object(Illuminate\\Session\\Store), Object(Closure))
#17 C:\\xampp\\htdocs\\CSE485_BTTH04\\vendor\\laravel\\framework\\src\\Illuminate\\Session\\Middleware\\StartSession.php(115): Illuminate\\Session\\Middleware\\StartSession->startSession(Object(Illuminate\\Http\\Request), Object(Illuminate\\Session\\Store))
#18 C:\\xampp\\htdocs\\CSE485_BTTH04\\vendor\\laravel\\framework\\src\\Illuminate\\Session\\Middleware\\StartSession.php(63): Illuminate\\Session\\Middleware\\StartSession->handleStatefulRequest(Object(Illuminate\\Http\\Request), Object(Illuminate\\Session\\Store), Object(Closure))
#19 C:\\xampp\\htdocs\\CSE485_BTTH04\\vendor\\laravel\\framework\\src\\Illuminate\\Pipeline\\Pipeline.php(219): Illuminate\\Session\\Middleware\\StartSession->handle(Object(Illuminate\\Http\\Request), Object(Closure))
#20 C:\\xampp\\htdocs\\CSE485_BTTH04\\vendor\\laravel\\framework\\src\\Illuminate\\Cookie\\Middleware\\AddQueuedCookiesToResponse.php(36): Illuminate\\Pipeline\\Pipeline->Illuminate\\Pipeline\\{closure}(Object(Illuminate\\Http\\Request))
#21 C:\\xampp\\htdocs\\CSE485_BTTH04\\vendor\\laravel\\framework\\src\\Illuminate\\Pipeline\\Pipeline.php(219): Illuminate\\Cookie\\Middleware\\AddQueuedCookiesToResponse->handle(Object(Illuminate\\Http\\Request), Object(Closure))
#22 C:\\xampp\\htdocs\\CSE485_BTTH04\\vendor\\laravel\\framework\\src\\Illuminate\\Cookie\\Middleware\\EncryptCookies.php(74): Illuminate\\Pipeline\\Pipeline->Illuminate\\Pipeline\\{closure}(Object(Illuminate\\Http\\Request))
#23 C:\\xampp\\htdocs\\CSE485_BTTH04\\vendor\\laravel\\framework\\src\\Illuminate\\Pipeline\\Pipeline.php(219): Illuminate\\Cookie\\Middleware\\EncryptCookies->handle(Object(Illuminate\\Http\\Request), Object(Closure))
#24 C:\\xampp\\htdocs\\CSE485_BTTH04\\vendor\\laravel\\framework\\src\\Illuminate\\Pipeline\\Pipeline.php(137): Illuminate\\Pipeline\\Pipeline->Illuminate\\Pipeline\\{closure}(Object(Illuminate\\Http\\Request))
#25 C:\\xampp\\htdocs\\CSE485_BTTH04\\vendor\\laravel\\framework\\src\\Illuminate\\Routing\\Router.php(821): Illuminate\\Pipeline\\Pipeline->then(Object(Closure))
#26 C:\\xampp\\htdocs\\CSE485_BTTH04\\vendor\\laravel\\framework\\src\\Illuminate\\Routing\\Router.php(800): Illuminate\\Routing\\Router->runRouteWithinStack(Object(Illuminate\\Routing\\Route), Object(Illuminate\\Http\\Request))
#27 C:\\xampp\\htdocs\\CSE485_BTTH04\\vendor\\laravel\\framework\\src\\Illuminate\\Routing\\Router.php(764): Illuminate\\Routing\\Router->runRoute(Object(Illuminate\\Http\\Request), Object(Illuminate\\Routing\\Route))
#28 C:\\xampp\\htdocs\\CSE485_BTTH04\\vendor\\laravel\\framework\\src\\Illuminate\\Routing\\Router.php(753): Illuminate\\Routing\\Router->dispatchToRoute(Object(Illuminate\\Http\\Request))
#29 C:\\xampp\\htdocs\\CSE485_BTTH04\\vendor\\laravel\\framework\\src\\Illuminate\\Foundation\\Http\\Kernel.php(200): Illuminate\\Routing\\Router->dispatch(Object(Illuminate\\Http\\Request))
#30 C:\\xampp\\htdocs\\CSE485_BTTH04\\vendor\\laravel\\framework\\src\\Illuminate\\Pipeline\\Pipeline.php(180): Illuminate\\Foundation\\Http\\Kernel->Illuminate\\Foundation\\Http\\{closure}(Object(Illuminate\\Http\\Request))
#31 C:\\xampp\\htdocs\\CSE485_BTTH04\\vendor\\laravel\\framework\\src\\Illuminate\\Foundation\\Http\\Middleware\\TransformsRequest.php(21): Illuminate\\Pipeline\\Pipeline->Illuminate\\Pipeline\\{closure}(Object(Illuminate\\Http\\Request))
#32 C:\\xampp\\htdocs\\CSE485_BTTH04\\vendor\\laravel\\framework\\src\\Illuminate\\Foundation\\Http\\Middleware\\ConvertEmptyStringsToNull.php(31): Illuminate\\Foundation\\Http\\Middleware\\TransformsRequest->handle(Object(Illuminate\\Http\\Request), Object(Closure))
#33 C:\\xampp\\htdocs\\CSE485_BTTH04\\vendor\\laravel\\framework\\src\\Illuminate\\Pipeline\\Pipeline.php(219): Illuminate\\Foundation\\Http\\Middleware\\ConvertEmptyStringsToNull->handle(Object(Illuminate\\Http\\Request), Object(Closure))
#34 C:\\xampp\\htdocs\\CSE485_BTTH04\\vendor\\laravel\\framework\\src\\Illuminate\\Foundation\\Http\\Middleware\\TransformsRequest.php(21): Illuminate\\Pipeline\\Pipeline->Illuminate\\Pipeline\\{closure}(Object(Illuminate\\Http\\Request))
#35 C:\\xampp\\htdocs\\CSE485_BTTH04\\vendor\\laravel\\framework\\src\\Illuminate\\Foundation\\Http\\Middleware\\TrimStrings.php(51): Illuminate\\Foundation\\Http\\Middleware\\TransformsRequest->handle(Object(Illuminate\\Http\\Request), Object(Closure))
#36 C:\\xampp\\htdocs\\CSE485_BTTH04\\vendor\\laravel\\framework\\src\\Illuminate\\Pipeline\\Pipeline.php(219): Illuminate\\Foundation\\Http\\Middleware\\TrimStrings->handle(Object(Illuminate\\Http\\Request), Object(Closure))
#37 C:\\xampp\\htdocs\\CSE485_BTTH04\\vendor\\laravel\\framework\\src\\Illuminate\\Http\\Middleware\\ValidatePostSize.php(27): Illuminate\\Pipeline\\Pipeline->Illuminate\\Pipeline\\{closure}(Object(Illuminate\\Http\\Request))
#38 C:\\xampp\\htdocs\\CSE485_BTTH04\\vendor\\laravel\\framework\\src\\Illuminate\\Pipeline\\Pipeline.php(219): Illuminate\\Http\\Middleware\\ValidatePostSize->handle(Object(Illuminate\\Http\\Request), Object(Closure))
#39 C:\\xampp\\htdocs\\CSE485_BTTH04\\vendor\\laravel\\framework\\src\\Illuminate\\Foundation\\Http\\Middleware\\PreventRequestsDuringMaintenance.php(109): Illuminate\\Pipeline\\Pipeline->Illuminate\\Pipeline\\{closure}(Object(Illuminate\\Http\\Request))
#40 C:\\xampp\\htdocs\\CSE485_BTTH04\\vendor\\laravel\\framework\\src\\Illuminate\\Pipeline\\Pipeline.php(219): Illuminate\\Foundation\\Http\\Middleware\\PreventRequestsDuringMaintenance->handle(Object(Illuminate\\Http\\Request), Object(Closure))
#41 C:\\xampp\\htdocs\\CSE485_BTTH04\\vendor\\laravel\\framework\\src\\Illuminate\\Http\\Middleware\\HandleCors.php(48): Illuminate\\Pipeline\\Pipeline->Illuminate\\Pipeline\\{closure}(Object(Illuminate\\Http\\Request))
#42 C:\\xampp\\htdocs\\CSE485_BTTH04\\vendor\\laravel\\framework\\src\\Illuminate\\Pipeline\\Pipeline.php(219): Illuminate\\Http\\Middleware\\HandleCors->handle(Object(Illuminate\\Http\\Request), Object(Closure))
#43 C:\\xampp\\htdocs\\CSE485_BTTH04\\vendor\\laravel\\framework\\src\\Illuminate\\Http\\Middleware\\TrustProxies.php(58): Illuminate\\Pipeline\\Pipeline->Illuminate\\Pipeline\\{closure}(Object(Illuminate\\Http\\Request))
#44 C:\\xampp\\htdocs\\CSE485_BTTH04\\vendor\\laravel\\framework\\src\\Illuminate\\Pipeline\\Pipeline.php(219): Illuminate\\Http\\Middleware\\TrustProxies->handle(Object(Illuminate\\Http\\Request), Object(Closure))
#45 C:\\xampp\\htdocs\\CSE485_BTTH04\\vendor\\laravel\\framework\\src\\Illuminate\\Foundation\\Http\\Middleware\\InvokeDeferredCallbacks.php(22): Illuminate\\Pipeline\\Pipeline->Illuminate\\Pipeline\\{closure}(Object(Illuminate\\Http\\Request))
#46 C:\\xampp\\htdocs\\CSE485_BTTH04\\vendor\\laravel\\framework\\src\\Illuminate\\Pipeline\\Pipeline.php(219): Illuminate\\Foundation\\Http\\Middleware\\InvokeDeferredCallbacks->handle(Object(Illuminate\\Http\\Request), Object(Closure))
#47 C:\\xampp\\htdocs\\CSE485_BTTH04\\vendor\\laravel\\framework\\src\\Illuminate\\Http\\Middleware\\ValidatePathEncoding.php(26): Illuminate\\Pipeline\\Pipeline->Illuminate\\Pipeline\\{closure}(Object(Illuminate\\Http\\Request))
#48 C:\\xampp\\htdocs\\CSE485_BTTH04\\vendor\\laravel\\framework\\src\\Illuminate\\Pipeline\\Pipeline.php(219): Illuminate\\Http\\Middleware\\ValidatePathEncoding->handle(Object(Illuminate\\Http\\Request), Object(Closure))
#49 C:\\xampp\\htdocs\\CSE485_BTTH04\\vendor\\laravel\\framework\\src\\Illuminate\\Pipeline\\Pipeline.php(137): Illuminate\\Pipeline\\Pipeline->Illuminate\\Pipeline\\{closure}(Object(Illuminate\\Http\\Request))
#50 C:\\xampp\\htdocs\\CSE485_BTTH04\\vendor\\laravel\\framework\\src\\Illuminate\\Foundation\\Http\\Kernel.php(175): Illuminate\\Pipeline\\Pipeline->then(Object(Closure))
#51 C:\\xampp\\htdocs\\CSE485_BTTH04\\vendor\\laravel\\framework\\src\\Illuminate\\Foundation\\Http\\Kernel.php(144): Illuminate\\Foundation\\Http\\Kernel->sendRequestThroughRouter(Object(Illuminate\\Http\\Request))
#52 C:\\xampp\\htdocs\\CSE485_BTTH04\\vendor\\laravel\\framework\\src\\Illuminate\\Foundation\\Application.php(1220): Illuminate\\Foundation\\Http\\Kernel->handle(Object(Illuminate\\Http\\Request))
#53 C:\\xampp\\htdocs\\CSE485_BTTH04\\public\\index.php(20): Illuminate\\Foundation\\Application->handleRequest(Object(Illuminate\\Http\\Request))
#54 C:\\xampp\\htdocs\\CSE485_BTTH04\\vendor\\laravel\\framework\\src\\Illuminate\\Foundation\\resources\\server.php(23): require_once('C:\\\\xampp\\\\htdocs...')
#55 {main}
"} 
[2025-12-20 04:03:44] local.ERROR: SQLSTATE[42S02]: Base table or view not found: 1146 Table 'qlda.sessions' doesn't exist (Connection: mysql, SQL: select * from `sessions` where `id` = wAMzUnPrVqa1lqNdkimYWGVARqYVrI5LlxYKPVaE limit 1) {"exception":"[object] (Illuminate\\Database\\QueryException(code: 42S02): SQLSTATE[42S02]: Base table or view not found: 1146 Table 'qlda.sessions' doesn't exist (Connection: mysql, SQL: select * from `sessions` where `id` = wAMzUnPrVqa1lqNdkimYWGVARqYVrI5LlxYKPVaE limit 1) at C:\\xampp\\htdocs\\CSE485_BTTH04\\vendor\\laravel\\framework\\src\\Illuminate\\Database\\Connection.php:826)
[stacktrace]
#0 C:\\xampp\\htdocs\\CSE485_BTTH04\\vendor\\laravel\\framework\\src\\Illuminate\\Database\\Connection.php(780): Illuminate\\Database\\Connection->runQueryCallback('select * from `...', Array, Object(Closure))
#1 C:\\xampp\\htdocs\\CSE485_BTTH04\\vendor\\laravel\\framework\\src\\Illuminate\\Database\\Connection.php(397): Illuminate\\Database\\Connection->run('select * from `...', Array, Object(Closure))
#2 C:\\xampp\\htdocs\\CSE485_BTTH04\\vendor\\laravel\\framework\\src\\Illuminate\\Database\\Query\\Builder.php(3188): Illuminate\\Database\\Connection->select('select * from `...', Array, false)
#3 C:\\xampp\\htdocs\\CSE485_BTTH04\\vendor\\laravel\\framework\\src\\Illuminate\\Database\\Query\\Builder.php(3173): Illuminate\\Database\\Query\\Builder->runSelect()
#4 C:\\xampp\\htdocs\\CSE485_BTTH04\\vendor\\laravel\\framework\\src\\Illuminate\\Database\\Query\\Builder.php(3763): Illuminate\\Database\\Query\\Builder->Illuminate\\Database\\Query\\{closure}()
#5 C:\\xampp\\htdocs\\CSE485_BTTH04\\vendor\\laravel\\framework\\src\\Illuminate\\Database\\Query\\Builder.php(3172): Illuminate\\Database\\Query\\Builder->onceWithColumns(Array, Object(Closure))
#6 C:\\xampp\\htdocs\\CSE485_BTTH04\\vendor\\laravel\\framework\\src\\Illuminate\\Database\\Concerns\\BuildsQueries.php(366): Illuminate\\Database\\Query\\Builder->get(Array)
#7 C:\\xampp\\htdocs\\CSE485_BTTH04\\vendor\\laravel\\framework\\src\\Illuminate\\Database\\Query\\Builder.php(3095): Illuminate\\Database\\Query\\Builder->first(Array)
#8 C:\\xampp\\htdocs\\CSE485_BTTH04\\vendor\\laravel\\framework\\src\\Illuminate\\Session\\DatabaseSessionHandler.php(96): Illuminate\\Database\\Query\\Builder->find('wAMzUnPrVqa1lqN...')
#9 C:\\xampp\\htdocs\\CSE485_BTTH04\\vendor\\laravel\\framework\\src\\Illuminate\\Session\\Store.php(117): Illuminate\\Session\\DatabaseSessionHandler->read('wAMzUnPrVqa1lqN...')
#10 C:\\xampp\\htdocs\\CSE485_BTTH04\\vendor\\laravel\\framework\\src\\Illuminate\\Session\\Store.php(105): Illuminate\\Session\\Store->readFromHandler()
#11 C:\\xampp\\htdocs\\CSE485_BTTH04\\vendor\\laravel\\framework\\src\\Illuminate\\Session\\Store.php(89): Illuminate\\Session\\Store->loadSession()
#12 C:\\xampp\\htdocs\\CSE485_BTTH04\\vendor\\laravel\\framework\\src\\Illuminate\\Session\\Middleware\\StartSession.php(146): Illuminate\\Session\\Store->start()
#13 C:\\xampp\\htdocs\\CSE485_BTTH04\\vendor\\laravel\\framework\\src\\Illuminate\\Support\\helpers.php(390): Illuminate\\Session\\Middleware\\StartSession->Illuminate\\Session\\Middleware\\{closure}(Object(Illuminate\\Session\\Store))
#14 C:\\xampp\\htdocs\\CSE485_BTTH04\\vendor\\laravel\\framework\\src\\Illuminate\\Session\\Middleware\\StartSession.php(143): tap(Object(Illuminate\\Session\\Store), Object(Closure))
#15 C:\\xampp\\htdocs\\CSE485_BTTH04\\vendor\\laravel\\framework\\src\\Illuminate\\Session\\Middleware\\StartSession.php(115): Illuminate\\Session\\Middleware\\StartSession->startSession(Object(Illuminate\\Http\\Request), Object(Illuminate\\Session\\Store))
#16 C:\\xampp\\htdocs\\CSE485_BTTH04\\vendor\\laravel\\framework\\src\\Illuminate\\Session\\Middleware\\StartSession.php(63): Illuminate\\Session\\Middleware\\StartSession->handleStatefulRequest(Object(Illuminate\\Http\\Request), Object(Illuminate\\Session\\Store), Object(Closure))
#17 C:\\xampp\\htdocs\\CSE485_BTTH04\\vendor\\laravel\\framework\\src\\Illuminate\\Pipeline\\Pipeline.php(219): Illuminate\\Session\\Middleware\\StartSession->handle(Object(Illuminate\\Http\\Request), Object(Closure))
#18 C:\\xampp\\htdocs\\CSE485_BTTH04\\vendor\\laravel\\framework\\src\\Illuminate\\Cookie\\Middleware\\AddQueuedCookiesToResponse.php(36): Illuminate\\Pipeline\\Pipeline->Illuminate\\Pipeline\\{closure}(Object(Illuminate\\Http\\Request))
#19 C:\\xampp\\htdocs\\CSE485_BTTH04\\vendor\\laravel\\framework\\src\\Illuminate\\Pipeline\\Pipeline.php(219): Illuminate\\Cookie\\Middleware\\AddQueuedCookiesToResponse->handle(Object(Illuminate\\Http\\Request), Object(Closure))
#20 C:\\xampp\\htdocs\\CSE485_BTTH04\\vendor\\laravel\\framework\\src\\Illuminate\\Cookie\\Middleware\\EncryptCookies.php(74): Illuminate\\Pipeline\\Pipeline->Illuminate\\Pipeline\\{closure}(Object(Illuminate\\Http\\Request))
#21 C:\\xampp\\htdocs\\CSE485_BTTH04\\vendor\\laravel\\framework\\src\\Illuminate\\Pipeline\\Pipeline.php(219): Illuminate\\Cookie\\Middleware\\EncryptCookies->handle(Object(Illuminate\\Http\\Request), Object(Closure))
#22 C:\\xampp\\htdocs\\CSE485_BTTH04\\vendor\\laravel\\framework\\src\\Illuminate\\Pipeline\\Pipeline.php(137): Illuminate\\Pipeline\\Pipeline->Illuminate\\Pipeline\\{closure}(Object(Illuminate\\Http\\Request))
#23 C:\\xampp\\htdocs\\CSE485_BTTH04\\vendor\\laravel\\framework\\src\\Illuminate\\Routing\\Router.php(821): Illuminate\\Pipeline\\Pipeline->then(Object(Closure))
#24 C:\\xampp\\htdocs\\CSE485_BTTH04\\vendor\\laravel\\framework\\src\\Illuminate\\Routing\\Router.php(800): Illuminate\\Routing\\Router->runRouteWithinStack(Object(Illuminate\\Routing\\Route), Object(Illuminate\\Http\\Request))
#25 C:\\xampp\\htdocs\\CSE485_BTTH04\\vendor\\laravel\\framework\\src\\Illuminate\\Routing\\Router.php(764): Illuminate\\Routing\\Router->runRoute(Object(Illuminate\\Http\\Request), Object(Illuminate\\Routing\\Route))
#26 C:\\xampp\\htdocs\\CSE485_BTTH04\\vendor\\laravel\\framework\\src\\Illuminate\\Routing\\Router.php(753): Illuminate\\Routing\\Router->dispatchToRoute(Object(Illuminate\\Http\\Request))
#27 C:\\xampp\\htdocs\\CSE485_BTTH04\\vendor\\laravel\\framework\\src\\Illuminate\\Foundation\\Http\\Kernel.php(200): Illuminate\\Routing\\Router->dispatch(Object(Illuminate\\Http\\Request))
#28 C:\\xampp\\htdocs\\CSE485_BTTH04\\vendor\\laravel\\framework\\src\\Illuminate\\Pipeline\\Pipeline.php(180): Illuminate\\Foundation\\Http\\Kernel->Illuminate\\Foundation\\Http\\{closure}(Object(Illuminate\\Http\\Request))
#29 C:\\xampp\\htdocs\\CSE485_BTTH04\\vendor\\laravel\\framework\\src\\Illuminate\\Foundation\\Http\\Middleware\\TransformsRequest.php(21): Illuminate\\Pipeline\\Pipeline->Illuminate\\Pipeline\\{closure}(Object(Illuminate\\Http\\Request))
#30 C:\\xampp\\htdocs\\CSE485_BTTH04\\vendor\\laravel\\framework\\src\\Illuminate\\Foundation\\Http\\Middleware\\ConvertEmptyStringsToNull.php(31): Illuminate\\Foundation\\Http\\Middleware\\TransformsRequest->handle(Object(Illuminate\\Http\\Request), Object(Closure))
#31 C:\\xampp\\htdocs\\CSE485_BTTH04\\vendor\\laravel\\framework\\src\\Illuminate\\Pipeline\\Pipeline.php(219): Illuminate\\Foundation\\Http\\Middleware\\ConvertEmptyStringsToNull->handle(Object(Illuminate\\Http\\Request), Object(Closure))
#32 C:\\xampp\\htdocs\\CSE485_BTTH04\\vendor\\laravel\\framework\\src\\Illuminate\\Foundation\\Http\\Middleware\\TransformsRequest.php(21): Illuminate\\Pipeline\\Pipeline->Illuminate\\Pipeline\\{closure}(Object(Illuminate\\Http\\Request))
#33 C:\\xampp\\htdocs\\CSE485_BTTH04\\vendor\\laravel\\framework\\src\\Illuminate\\Foundation\\Http\\Middleware\\TrimStrings.php(51): Illuminate\\Foundation\\Http\\Middleware\\TransformsRequest->handle(Object(Illuminate\\Http\\Request), Object(Closure))
#34 C:\\xampp\\htdocs\\CSE485_BTTH04\\vendor\\laravel\\framework\\src\\Illuminate\\Pipeline\\Pipeline.php(219): Illuminate\\Foundation\\Http\\Middleware\\TrimStrings->handle(Object(Illuminate\\Http\\Request), Object(Closure))
#35 C:\\xampp\\htdocs\\CSE485_BTTH04\\vendor\\laravel\\framework\\src\\Illuminate\\Http\\Middleware\\ValidatePostSize.php(27): Illuminate\\Pipeline\\Pipeline->Illuminate\\Pipeline\\{closure}(Object(Illuminate\\Http\\Request))
#36 C:\\xampp\\htdocs\\CSE485_BTTH04\\vendor\\laravel\\framework\\src\\Illuminate\\Pipeline\\Pipeline.php(219): Illuminate\\Http\\Middleware\\ValidatePostSize->handle(Object(Illuminate\\Http\\Request), Object(Closure))
#37 C:\\xampp\\htdocs\\CSE485_BTTH04\\vendor\\laravel\\framework\\src\\Illuminate\\Foundation\\Http\\Middleware\\PreventRequestsDuringMaintenance.php(109): Illuminate\\Pipeline\\Pipeline->Illuminate\\Pipeline\\{closure}(Object(Illuminate\\Http\\Request))
#38 C:\\xampp\\htdocs\\CSE485_BTTH04\\vendor\\laravel\\framework\\src\\Illuminate\\Pipeline\\Pipeline.php(219): Illuminate\\Foundation\\Http\\Middleware\\PreventRequestsDuringMaintenance->handle(Object(Illuminate\\Http\\Request), Object(Closure))
#39 C:\\xampp\\htdocs\\CSE485_BTTH04\\vendor\\laravel\\framework\\src\\Illuminate\\Http\\Middleware\\HandleCors.php(48): Illuminate\\Pipeline\\Pipeline->Illuminate\\Pipeline\\{closure}(Object(Illuminate\\Http\\Request))
#40 C:\\xampp\\htdocs\\CSE485_BTTH04\\vendor\\laravel\\framework\\src\\Illuminate\\Pipeline\\Pipeline.php(219): Illuminate\\Http\\Middleware\\HandleCors->handle(Object(Illuminate\\Http\\Request), Object(Closure))
#41 C:\\xampp\\htdocs\\CSE485_BTTH04\\vendor\\laravel\\framework\\src\\Illuminate\\Http\\Middleware\\TrustProxies.php(58): Illuminate\\Pipeline\\Pipeline->Illuminate\\Pipeline\\{closure}(Object(Illuminate\\Http\\Request))
#42 C:\\xampp\\htdocs\\CSE485_BTTH04\\vendor\\laravel\\framework\\src\\Illuminate\\Pipeline\\Pipeline.php(219): Illuminate\\Http\\Middleware\\TrustProxies->handle(Object(Illuminate\\Http\\Request), Object(Closure))
#43 C:\\xampp\\htdocs\\CSE485_BTTH04\\vendor\\laravel\\framework\\src\\Illuminate\\Foundation\\Http\\Middleware\\InvokeDeferredCallbacks.php(22): Illuminate\\Pipeline\\Pipeline->Illuminate\\Pipeline\\{closure}(Object(Illuminate\\Http\\Request))
#44 C:\\xampp\\htdocs\\CSE485_BTTH04\\vendor\\laravel\\framework\\src\\Illuminate\\Pipeline\\Pipeline.php(219): Illuminate\\Foundation\\Http\\Middleware\\InvokeDeferredCallbacks->handle(Object(Illuminate\\Http\\Request), Object(Closure))
#45 C:\\xampp\\htdocs\\CSE485_BTTH04\\vendor\\laravel\\framework\\src\\Illuminate\\Http\\Middleware\\ValidatePathEncoding.php(26): Illuminate\\Pipeline\\Pipeline->Illuminate\\Pipeline\\{closure}(Object(Illuminate\\Http\\Request))
#46 C:\\xampp\\htdocs\\CSE485_BTTH04\\vendor\\laravel\\framework\\src\\Illuminate\\Pipeline\\Pipeline.php(219): Illuminate\\Http\\Middleware\\ValidatePathEncoding->handle(Object(Illuminate\\Http\\Request), Object(Closure))
#47 C:\\xampp\\htdocs\\CSE485_BTTH04\\vendor\\laravel\\framework\\src\\Illuminate\\Pipeline\\Pipeline.php(137): Illuminate\\Pipeline\\Pipeline->Illuminate\\Pipeline\\{closure}(Object(Illuminate\\Http\\Request))
#48 C:\\xampp\\htdocs\\CSE485_BTTH04\\vendor\\laravel\\framework\\src\\Illuminate\\Foundation\\Http\\Kernel.php(175): Illuminate\\Pipeline\\Pipeline->then(Object(Closure))
#49 C:\\xampp\\htdocs\\CSE485_BTTH04\\vendor\\laravel\\framework\\src\\Illuminate\\Foundation\\Http\\Kernel.php(144): Illuminate\\Foundation\\Http\\Kernel->sendRequestThroughRouter(Object(Illuminate\\Http\\Request))
#50 C:\\xampp\\htdocs\\CSE485_BTTH04\\vendor\\laravel\\framework\\src\\Illuminate\\Foundation\\Application.php(1220): Illuminate\\Foundation\\Http\\Kernel->handle(Object(Illuminate\\Http\\Request))
#51 C:\\xampp\\htdocs\\CSE485_BTTH04\\public\\index.php(20): Illuminate\\Foundation\\Application->handleRequest(Object(Illuminate\\Http\\Request))
#52 C:\\xampp\\htdocs\\CSE485_BTTH04\\vendor\\laravel\\framework\\src\\Illuminate\\Foundation\\resources\\server.php(23): require_once('C:\\\\xampp\\\\htdocs...')
#53 {main}

[previous exception] [object] (PDOException(code: 42S02): SQLSTATE[42S02]: Base table or view not found: 1146 Table 'qlda.sessions' doesn't exist at C:\\xampp\\htdocs\\CSE485_BTTH04\\vendor\\laravel\\framework\\src\\Illuminate\\Database\\Connection.php:406)
[stacktrace]
#0 C:\\xampp\\htdocs\\CSE485_BTTH04\\vendor\\laravel\\framework\\src\\Illuminate\\Database\\Connection.php(406): PDO->prepare('select * from `...')
#1 C:\\xampp\\htdocs\\CSE485_BTTH04\\vendor\\laravel\\framework\\src\\Illuminate\\Database\\Connection.php(813): Illuminate\\Database\\Connection->Illuminate\\Database\\{closure}('select * from `...', Array)
#2 C:\\xampp\\htdocs\\CSE485_BTTH04\\vendor\\laravel\\framework\\src\\Illuminate\\Database\\Connection.php(780): Illuminate\\Database\\Connection->runQueryCallback('select * from `...', Array, Object(Closure))
#3 C:\\xampp\\htdocs\\CSE485_BTTH04\\vendor\\laravel\\framework\\src\\Illuminate\\Database\\Connection.php(397): Illuminate\\Database\\Connection->run('select * from `...', Array, Object(Closure))
#4 C:\\xampp\\htdocs\\CSE485_BTTH04\\vendor\\laravel\\framework\\src\\Illuminate\\Database\\Query\\Builder.php(3188): Illuminate\\Database\\Connection->select('select * from `...', Array, false)
#5 C:\\xampp\\htdocs\\CSE485_BTTH04\\vendor\\laravel\\framework\\src\\Illuminate\\Database\\Query\\Builder.php(3173): Illuminate\\Database\\Query\\Builder->runSelect()
#6 C:\\xampp\\htdocs\\CSE485_BTTH04\\vendor\\laravel\\framework\\src\\Illuminate\\Database\\Query\\Builder.php(3763): Illuminate\\Database\\Query\\Builder->Illuminate\\Database\\Query\\{closure}()
#7 C:\\xampp\\htdocs\\CSE485_BTTH04\\vendor\\laravel\\framework\\src\\Illuminate\\Database\\Query\\Builder.php(3172): Illuminate\\Database\\Query\\Builder->onceWithColumns(Array, Object(Closure))
#8 C:\\xampp\\htdocs\\CSE485_BTTH04\\vendor\\laravel\\framework\\src\\Illuminate\\Database\\Concerns\\BuildsQueries.php(366): Illuminate\\Database\\Query\\Builder->get(Array)
#9 C:\\xampp\\htdocs\\CSE485_BTTH04\\vendor\\laravel\\framework\\src\\Illuminate\\Database\\Query\\Builder.php(3095): Illuminate\\Database\\Query\\Builder->first(Array)
#10 C:\\xampp\\htdocs\\CSE485_BTTH04\\vendor\\laravel\\framework\\src\\Illuminate\\Session\\DatabaseSessionHandler.php(96): Illuminate\\Database\\Query\\Builder->find('wAMzUnPrVqa1lqN...')
#11 C:\\xampp\\htdocs\\CSE485_BTTH04\\vendor\\laravel\\framework\\src\\Illuminate\\Session\\Store.php(117): Illuminate\\Session\\DatabaseSessionHandler->read('wAMzUnPrVqa1lqN...')
#12 C:\\xampp\\htdocs\\CSE485_BTTH04\\vendor\\laravel\\framework\\src\\Illuminate\\Session\\Store.php(105): Illuminate\\Session\\Store->readFromHandler()
#13 C:\\xampp\\htdocs\\CSE485_BTTH04\\vendor\\laravel\\framework\\src\\Illuminate\\Session\\Store.php(89): Illuminate\\Session\\Store->loadSession()
#14 C:\\xampp\\htdocs\\CSE485_BTTH04\\vendor\\laravel\\framework\\src\\Illuminate\\Session\\Middleware\\StartSession.php(146): Illuminate\\Session\\Store->start()
#15 C:\\xampp\\htdocs\\CSE485_BTTH04\\vendor\\laravel\\framework\\src\\Illuminate\\Support\\helpers.php(390): Illuminate\\Session\\Middleware\\StartSession->Illuminate\\Session\\Middleware\\{closure}(Object(Illuminate\\Session\\Store))
#16 C:\\xampp\\htdocs\\CSE485_BTTH04\\vendor\\laravel\\framework\\src\\Illuminate\\Session\\Middleware\\StartSession.php(143): tap(Object(Illuminate\\Session\\Store), Object(Closure))
#17 C:\\xampp\\htdocs\\CSE485_BTTH04\\vendor\\laravel\\framework\\src\\Illuminate\\Session\\Middleware\\StartSession.php(115): Illuminate\\Session\\Middleware\\StartSession->startSession(Object(Illuminate\\Http\\Request), Object(Illuminate\\Session\\Store))
#18 C:\\xampp\\htdocs\\CSE485_BTTH04\\vendor\\laravel\\framework\\src\\Illuminate\\Session\\Middleware\\StartSession.php(63): Illuminate\\Session\\Middleware\\StartSession->handleStatefulRequest(Object(Illuminate\\Http\\Request), Object(Illuminate\\Session\\Store), Object(Closure))
#19 C:\\xampp\\htdocs\\CSE485_BTTH04\\vendor\\laravel\\framework\\src\\Illuminate\\Pipeline\\Pipeline.php(219): Illuminate\\Session\\Middleware\\StartSession->handle(Object(Illuminate\\Http\\Request), Object(Closure))
#20 C:\\xampp\\htdocs\\CSE485_BTTH04\\vendor\\laravel\\framework\\src\\Illuminate\\Cookie\\Middleware\\AddQueuedCookiesToResponse.php(36): Illuminate\\Pipeline\\Pipeline->Illuminate\\Pipeline\\{closure}(Object(Illuminate\\Http\\Request))
#21 C:\\xampp\\htdocs\\CSE485_BTTH04\\vendor\\laravel\\framework\\src\\Illuminate\\Pipeline\\Pipeline.php(219): Illuminate\\Cookie\\Middleware\\AddQueuedCookiesToResponse->handle(Object(Illuminate\\Http\\Request), Object(Closure))
#22 C:\\xampp\\htdocs\\CSE485_BTTH04\\vendor\\laravel\\framework\\src\\Illuminate\\Cookie\\Middleware\\EncryptCookies.php(74): Illuminate\\Pipeline\\Pipeline->Illuminate\\Pipeline\\{closure}(Object(Illuminate\\Http\\Request))
#23 C:\\xampp\\htdocs\\CSE485_BTTH04\\vendor\\laravel\\framework\\src\\Illuminate\\Pipeline\\Pipeline.php(219): Illuminate\\Cookie\\Middleware\\EncryptCookies->handle(Object(Illuminate\\Http\\Request), Object(Closure))
#24 C:\\xampp\\htdocs\\CSE485_BTTH04\\vendor\\laravel\\framework\\src\\Illuminate\\Pipeline\\Pipeline.php(137): Illuminate\\Pipeline\\Pipeline->Illuminate\\Pipeline\\{closure}(Object(Illuminate\\Http\\Request))
#25 C:\\xampp\\htdocs\\CSE485_BTTH04\\vendor\\laravel\\framework\\src\\Illuminate\\Routing\\Router.php(821): Illuminate\\Pipeline\\Pipeline->then(Object(Closure))
#26 C:\\xampp\\htdocs\\CSE485_BTTH04\\vendor\\laravel\\framework\\src\\Illuminate\\Routing\\Router.php(800): Illuminate\\Routing\\Router->runRouteWithinStack(Object(Illuminate\\Routing\\Route), Object(Illuminate\\Http\\Request))
#27 C:\\xampp\\htdocs\\CSE485_BTTH04\\vendor\\laravel\\framework\\src\\Illuminate\\Routing\\Router.php(764): Illuminate\\Routing\\Router->runRoute(Object(Illuminate\\Http\\Request), Object(Illuminate\\Routing\\Route))
#28 C:\\xampp\\htdocs\\CSE485_BTTH04\\vendor\\laravel\\framework\\src\\Illuminate\\Routing\\Router.php(753): Illuminate\\Routing\\Router->dispatchToRoute(Object(Illuminate\\Http\\Request))
#29 C:\\xampp\\htdocs\\CSE485_BTTH04\\vendor\\laravel\\framework\\src\\Illuminate\\Foundation\\Http\\Kernel.php(200): Illuminate\\Routing\\Router->dispatch(Object(Illuminate\\Http\\Request))
#30 C:\\xampp\\htdocs\\CSE485_BTTH04\\vendor\\laravel\\framework\\src\\Illuminate\\Pipeline\\Pipeline.php(180): Illuminate\\Foundation\\Http\\Kernel->Illuminate\\Foundation\\Http\\{closure}(Object(Illuminate\\Http\\Request))
#31 C:\\xampp\\htdocs\\CSE485_BTTH04\\vendor\\laravel\\framework\\src\\Illuminate\\Foundation\\Http\\Middleware\\TransformsRequest.php(21): Illuminate\\Pipeline\\Pipeline->Illuminate\\Pipeline\\{closure}(Object(Illuminate\\Http\\Request))
#32 C:\\xampp\\htdocs\\CSE485_BTTH04\\vendor\\laravel\\framework\\src\\Illuminate\\Foundation\\Http\\Middleware\\ConvertEmptyStringsToNull.php(31): Illuminate\\Foundation\\Http\\Middleware\\TransformsRequest->handle(Object(Illuminate\\Http\\Request), Object(Closure))
#33 C:\\xampp\\htdocs\\CSE485_BTTH04\\vendor\\laravel\\framework\\src\\Illuminate\\Pipeline\\Pipeline.php(219): Illuminate\\Foundation\\Http\\Middleware\\ConvertEmptyStringsToNull->handle(Object(Illuminate\\Http\\Request), Object(Closure))
#34 C:\\xampp\\htdocs\\CSE485_BTTH04\\vendor\\laravel\\framework\\src\\Illuminate\\Foundation\\Http\\Middleware\\TransformsRequest.php(21): Illuminate\\Pipeline\\Pipeline->Illuminate\\Pipeline\\{closure}(Object(Illuminate\\Http\\Request))
#35 C:\\xampp\\htdocs\\CSE485_BTTH04\\vendor\\laravel\\framework\\src\\Illuminate\\Foundation\\Http\\Middleware\\TrimStrings.php(51): Illuminate\\Foundation\\Http\\Middleware\\TransformsRequest->handle(Object(Illuminate\\Http\\Request), Object(Closure))
#36 C:\\xampp\\htdocs\\CSE485_BTTH04\\vendor\\laravel\\framework\\src\\Illuminate\\Pipeline\\Pipeline.php(219): Illuminate\\Foundation\\Http\\Middleware\\TrimStrings->handle(Object(Illuminate\\Http\\Request), Object(Closure))
#37 C:\\xampp\\htdocs\\CSE485_BTTH04\\vendor\\laravel\\framework\\src\\Illuminate\\Http\\Middleware\\ValidatePostSize.php(27): Illuminate\\Pipeline\\Pipeline->Illuminate\\Pipeline\\{closure}(Object(Illuminate\\Http\\Request))
#38 C:\\xampp\\htdocs\\CSE485_BTTH04\\vendor\\laravel\\framework\\src\\Illuminate\\Pipeline\\Pipeline.php(219): Illuminate\\Http\\Middleware\\ValidatePostSize->handle(Object(Illuminate\\Http\\Request), Object(Closure))
#39 C:\\xampp\\htdocs\\CSE485_BTTH04\\vendor\\laravel\\framework\\src\\Illuminate\\Foundation\\Http\\Middleware\\PreventRequestsDuringMaintenance.php(109): Illuminate\\Pipeline\\Pipeline->Illuminate\\Pipeline\\{closure}(Object(Illuminate\\Http\\Request))
#40 C:\\xampp\\htdocs\\CSE485_BTTH04\\vendor\\laravel\\framework\\src\\Illuminate\\Pipeline\\Pipeline.php(219): Illuminate\\Foundation\\Http\\Middleware\\PreventRequestsDuringMaintenance->handle(Object(Illuminate\\Http\\Request), Object(Closure))
#41 C:\\xampp\\htdocs\\CSE485_BTTH04\\vendor\\laravel\\framework\\src\\Illuminate\\Http\\Middleware\\HandleCors.php(48): Illuminate\\Pipeline\\Pipeline->Illuminate\\Pipeline\\{closure}(Object(Illuminate\\Http\\Request))
#42 C:\\xampp\\htdocs\\CSE485_BTTH04\\vendor\\laravel\\framework\\src\\Illuminate\\Pipeline\\Pipeline.php(219): Illuminate\\Http\\Middleware\\HandleCors->handle(Object(Illuminate\\Http\\Request), Object(Closure))
#43 C:\\xampp\\htdocs\\CSE485_BTTH04\\vendor\\laravel\\framework\\src\\Illuminate\\Http\\Middleware\\TrustProxies.php(58): Illuminate\\Pipeline\\Pipeline->Illuminate\\Pipeline\\{closure}(Object(Illuminate\\Http\\Request))
#44 C:\\xampp\\htdocs\\CSE485_BTTH04\\vendor\\laravel\\framework\\src\\Illuminate\\Pipeline\\Pipeline.php(219): Illuminate\\Http\\Middleware\\TrustProxies->handle(Object(Illuminate\\Http\\Request), Object(Closure))
#45 C:\\xampp\\htdocs\\CSE485_BTTH04\\vendor\\laravel\\framework\\src\\Illuminate\\Foundation\\Http\\Middleware\\InvokeDeferredCallbacks.php(22): Illuminate\\Pipeline\\Pipeline->Illuminate\\Pipeline\\{closure}(Object(Illuminate\\Http\\Request))
#46 C:\\xampp\\htdocs\\CSE485_BTTH04\\vendor\\laravel\\framework\\src\\Illuminate\\Pipeline\\Pipeline.php(219): Illuminate\\Foundation\\Http\\Middleware\\InvokeDeferredCallbacks->handle(Object(Illuminate\\Http\\Request), Object(Closure))
#47 C:\\xampp\\htdocs\\CSE485_BTTH04\\vendor\\laravel\\framework\\src\\Illuminate\\Http\\Middleware\\ValidatePathEncoding.php(26): Illuminate\\Pipeline\\Pipeline->Illuminate\\Pipeline\\{closure}(Object(Illuminate\\Http\\Request))
#48 C:\\xampp\\htdocs\\CSE485_BTTH04\\vendor\\laravel\\framework\\src\\Illuminate\\Pipeline\\Pipeline.php(219): Illuminate\\Http\\Middleware\\ValidatePathEncoding->handle(Object(Illuminate\\Http\\Request), Object(Closure))
#49 C:\\xampp\\htdocs\\CSE485_BTTH04\\vendor\\laravel\\framework\\src\\Illuminate\\Pipeline\\Pipeline.php(137): Illuminate\\Pipeline\\Pipeline->Illuminate\\Pipeline\\{closure}(Object(Illuminate\\Http\\Request))
#50 C:\\xampp\\htdocs\\CSE485_BTTH04\\vendor\\laravel\\framework\\src\\Illuminate\\Foundation\\Http\\Kernel.php(175): Illuminate\\Pipeline\\Pipeline->then(Object(Closure))
#51 C:\\xampp\\htdocs\\CSE485_BTTH04\\vendor\\laravel\\framework\\src\\Illuminate\\Foundation\\Http\\Kernel.php(144): Illuminate\\Foundation\\Http\\Kernel->sendRequestThroughRouter(Object(Illuminate\\Http\\Request))
#52 C:\\xampp\\htdocs\\CSE485_BTTH04\\vendor\\laravel\\framework\\src\\Illuminate\\Foundation\\Application.php(1220): Illuminate\\Foundation\\Http\\Kernel->handle(Object(Illuminate\\Http\\Request))
#53 C:\\xampp\\htdocs\\CSE485_BTTH04\\public\\index.php(20): Illuminate\\Foundation\\Application->handleRequest(Object(Illuminate\\Http\\Request))
#54 C:\\xampp\\htdocs\\CSE485_BTTH04\\vendor\\laravel\\framework\\src\\Illuminate\\Foundation\\resources\\server.php(23): require_once('C:\\\\xampp\\\\htdocs...')
#55 {main}
"} 
[2025-12-20 04:11:34] local.ERROR: SQLSTATE[42S02]: Base table or view not found: 1146 Table 'qlda.sessions' doesn't exist (Connection: mysql, SQL: select * from `sessions` where `id` = vvRaJdJs0rm65WFXfjf4VYXRebviwAIyj3atJu20 limit 1) {"exception":"[object] (Illuminate\\Database\\QueryException(code: 42S02): SQLSTATE[42S02]: Base table or view not found: 1146 Table 'qlda.sessions' doesn't exist (Connection: mysql, SQL: select * from `sessions` where `id` = vvRaJdJs0rm65WFXfjf4VYXRebviwAIyj3atJu20 limit 1) at C:\\xampp\\htdocs\\CSE485_BTTH04\\vendor\\laravel\\framework\\src\\Illuminate\\Database\\Connection.php:826)
[stacktrace]
#0 C:\\xampp\\htdocs\\CSE485_BTTH04\\vendor\\laravel\\framework\\src\\Illuminate\\Database\\Connection.php(780): Illuminate\\Database\\Connection->runQueryCallback('select * from `...', Array, Object(Closure))
#1 C:\\xampp\\htdocs\\CSE485_BTTH04\\vendor\\laravel\\framework\\src\\Illuminate\\Database\\Connection.php(397): Illuminate\\Database\\Connection->run('select * from `...', Array, Object(Closure))
#2 C:\\xampp\\htdocs\\CSE485_BTTH04\\vendor\\laravel\\framework\\src\\Illuminate\\Database\\Query\\Builder.php(3188): Illuminate\\Database\\Connection->select('select * from `...', Array, false)
#3 C:\\xampp\\htdocs\\CSE485_BTTH04\\vendor\\laravel\\framework\\src\\Illuminate\\Database\\Query\\Builder.php(3173): Illuminate\\Database\\Query\\Builder->runSelect()
#4 C:\\xampp\\htdocs\\CSE485_BTTH04\\vendor\\laravel\\framework\\src\\Illuminate\\Database\\Query\\Builder.php(3763): Illuminate\\Database\\Query\\Builder->Illuminate\\Database\\Query\\{closure}()
#5 C:\\xampp\\htdocs\\CSE485_BTTH04\\vendor\\laravel\\framework\\src\\Illuminate\\Database\\Query\\Builder.php(3172): Illuminate\\Database\\Query\\Builder->onceWithColumns(Array, Object(Closure))
#6 C:\\xampp\\htdocs\\CSE485_BTTH04\\vendor\\laravel\\framework\\src\\Illuminate\\Database\\Concerns\\BuildsQueries.php(366): Illuminate\\Database\\Query\\Builder->get(Array)
#7 C:\\xampp\\htdocs\\CSE485_BTTH04\\vendor\\laravel\\framework\\src\\Illuminate\\Database\\Query\\Builder.php(3095): Illuminate\\Database\\Query\\Builder->first(Array)
#8 C:\\xampp\\htdocs\\CSE485_BTTH04\\vendor\\laravel\\framework\\src\\Illuminate\\Session\\DatabaseSessionHandler.php(96): Illuminate\\Database\\Query\\Builder->find('vvRaJdJs0rm65WF...')
#9 C:\\xampp\\htdocs\\CSE485_BTTH04\\vendor\\laravel\\framework\\src\\Illuminate\\Session\\Store.php(117): Illuminate\\Session\\DatabaseSessionHandler->read('vvRaJdJs0rm65WF...')
#10 C:\\xampp\\htdocs\\CSE485_BTTH04\\vendor\\laravel\\framework\\src\\Illuminate\\Session\\Store.php(105): Illuminate\\Session\\Store->readFromHandler()
#11 C:\\xampp\\htdocs\\CSE485_BTTH04\\vendor\\laravel\\framework\\src\\Illuminate\\Session\\Store.php(89): Illuminate\\Session\\Store->loadSession()
#12 C:\\xampp\\htdocs\\CSE485_BTTH04\\vendor\\laravel\\framework\\src\\Illuminate\\Session\\Middleware\\StartSession.php(146): Illuminate\\Session\\Store->start()
#13 C:\\xampp\\htdocs\\CSE485_BTTH04\\vendor\\laravel\\framework\\src\\Illuminate\\Support\\helpers.php(390): Illuminate\\Session\\Middleware\\StartSession->Illuminate\\Session\\Middleware\\{closure}(Object(Illuminate\\Session\\Store))
#14 C:\\xampp\\htdocs\\CSE485_BTTH04\\vendor\\laravel\\framework\\src\\Illuminate\\Session\\Middleware\\StartSession.php(143): tap(Object(Illuminate\\Session\\Store), Object(Closure))
#15 C:\\xampp\\htdocs\\CSE485_BTTH04\\vendor\\laravel\\framework\\src\\Illuminate\\Session\\Middleware\\StartSession.php(115): Illuminate\\Session\\Middleware\\StartSession->startSession(Object(Illuminate\\Http\\Request), Object(Illuminate\\Session\\Store))
#16 C:\\xampp\\htdocs\\CSE485_BTTH04\\vendor\\laravel\\framework\\src\\Illuminate\\Session\\Middleware\\StartSession.php(63): Illuminate\\Session\\Middleware\\StartSession->handleStatefulRequest(Object(Illuminate\\Http\\Request), Object(Illuminate\\Session\\Store), Object(Closure))
#17 C:\\xampp\\htdocs\\CSE485_BTTH04\\vendor\\laravel\\framework\\src\\Illuminate\\Pipeline\\Pipeline.php(219): Illuminate\\Session\\Middleware\\StartSession->handle(Object(Illuminate\\Http\\Request), Object(Closure))
#18 C:\\xampp\\htdocs\\CSE485_BTTH04\\vendor\\laravel\\framework\\src\\Illuminate\\Cookie\\Middleware\\AddQueuedCookiesToResponse.php(36): Illuminate\\Pipeline\\Pipeline->Illuminate\\Pipeline\\{closure}(Object(Illuminate\\Http\\Request))
#19 C:\\xampp\\htdocs\\CSE485_BTTH04\\vendor\\laravel\\framework\\src\\Illuminate\\Pipeline\\Pipeline.php(219): Illuminate\\Cookie\\Middleware\\AddQueuedCookiesToResponse->handle(Object(Illuminate\\Http\\Request), Object(Closure))
#20 C:\\xampp\\htdocs\\CSE485_BTTH04\\vendor\\laravel\\framework\\src\\Illuminate\\Cookie\\Middleware\\EncryptCookies.php(74): Illuminate\\Pipeline\\Pipeline->Illuminate\\Pipeline\\{closure}(Object(Illuminate\\Http\\Request))
#21 C:\\xampp\\htdocs\\CSE485_BTTH04\\vendor\\laravel\\framework\\src\\Illuminate\\Pipeline\\Pipeline.php(219): Illuminate\\Cookie\\Middleware\\EncryptCookies->handle(Object(Illuminate\\Http\\Request), Object(Closure))
#22 C:\\xampp\\htdocs\\CSE485_BTTH04\\vendor\\laravel\\framework\\src\\Illuminate\\Pipeline\\Pipeline.php(137): Illuminate\\Pipeline\\Pipeline->Illuminate\\Pipeline\\{closure}(Object(Illuminate\\Http\\Request))
#23 C:\\xampp\\htdocs\\CSE485_BTTH04\\vendor\\laravel\\framework\\src\\Illuminate\\Routing\\Router.php(821): Illuminate\\Pipeline\\Pipeline->then(Object(Closure))
#24 C:\\xampp\\htdocs\\CSE485_BTTH04\\vendor\\laravel\\framework\\src\\Illuminate\\Routing\\Router.php(800): Illuminate\\Routing\\Router->runRouteWithinStack(Object(Illuminate\\Routing\\Route), Object(Illuminate\\Http\\Request))
#25 C:\\xampp\\htdocs\\CSE485_BTTH04\\vendor\\laravel\\framework\\src\\Illuminate\\Routing\\Router.php(764): Illuminate\\Routing\\Router->runRoute(Object(Illuminate\\Http\\Request), Object(Illuminate\\Routing\\Route))
#26 C:\\xampp\\htdocs\\CSE485_BTTH04\\vendor\\laravel\\framework\\src\\Illuminate\\Routing\\Router.php(753): Illuminate\\Routing\\Router->dispatchToRoute(Object(Illuminate\\Http\\Request))
#27 C:\\xampp\\htdocs\\CSE485_BTTH04\\vendor\\laravel\\framework\\src\\Illuminate\\Foundation\\Http\\Kernel.php(200): Illuminate\\Routing\\Router->dispatch(Object(Illuminate\\Http\\Request))
#28 C:\\xampp\\htdocs\\CSE485_BTTH04\\vendor\\laravel\\framework\\src\\Illuminate\\Pipeline\\Pipeline.php(180): Illuminate\\Foundation\\Http\\Kernel->Illuminate\\Foundation\\Http\\{closure}(Object(Illuminate\\Http\\Request))
#29 C:\\xampp\\htdocs\\CSE485_BTTH04\\vendor\\laravel\\framework\\src\\Illuminate\\Foundation\\Http\\Middleware\\TransformsRequest.php(21): Illuminate\\Pipeline\\Pipeline->Illuminate\\Pipeline\\{closure}(Object(Illuminate\\Http\\Request))
#30 C:\\xampp\\htdocs\\CSE485_BTTH04\\vendor\\laravel\\framework\\src\\Illuminate\\Foundation\\Http\\Middleware\\ConvertEmptyStringsToNull.php(31): Illuminate\\Foundation\\Http\\Middleware\\TransformsRequest->handle(Object(Illuminate\\Http\\Request), Object(Closure))
#31 C:\\xampp\\htdocs\\CSE485_BTTH04\\vendor\\laravel\\framework\\src\\Illuminate\\Pipeline\\Pipeline.php(219): Illuminate\\Foundation\\Http\\Middleware\\ConvertEmptyStringsToNull->handle(Object(Illuminate\\Http\\Request), Object(Closure))
#32 C:\\xampp\\htdocs\\CSE485_BTTH04\\vendor\\laravel\\framework\\src\\Illuminate\\Foundation\\Http\\Middleware\\TransformsRequest.php(21): Illuminate\\Pipeline\\Pipeline->Illuminate\\Pipeline\\{closure}(Object(Illuminate\\Http\\Request))
#33 C:\\xampp\\htdocs\\CSE485_BTTH04\\vendor\\laravel\\framework\\src\\Illuminate\\Foundation\\Http\\Middleware\\TrimStrings.php(51): Illuminate\\Foundation\\Http\\Middleware\\TransformsRequest->handle(Object(Illuminate\\Http\\Request), Object(Closure))
#34 C:\\xampp\\htdocs\\CSE485_BTTH04\\vendor\\laravel\\framework\\src\\Illuminate\\Pipeline\\Pipeline.php(219): Illuminate\\Foundation\\Http\\Middleware\\TrimStrings->handle(Object(Illuminate\\Http\\Request), Object(Closure))
#35 C:\\xampp\\htdocs\\CSE485_BTTH04\\vendor\\laravel\\framework\\src\\Illuminate\\Http\\Middleware\\ValidatePostSize.php(27): Illuminate\\Pipeline\\Pipeline->Illuminate\\Pipeline\\{closure}(Object(Illuminate\\Http\\Request))
#36 C:\\xampp\\htdocs\\CSE485_BTTH04\\vendor\\laravel\\framework\\src\\Illuminate\\Pipeline\\Pipeline.php(219): Illuminate\\Http\\Middleware\\ValidatePostSize->handle(Object(Illuminate\\Http\\Request), Object(Closure))
#37 C:\\xampp\\htdocs\\CSE485_BTTH04\\vendor\\laravel\\framework\\src\\Illuminate\\Foundation\\Http\\Middleware\\PreventRequestsDuringMaintenance.php(109): Illuminate\\Pipeline\\Pipeline->Illuminate\\Pipeline\\{closure}(Object(Illuminate\\Http\\Request))
#38 C:\\xampp\\htdocs\\CSE485_BTTH04\\vendor\\laravel\\framework\\src\\Illuminate\\Pipeline\\Pipeline.php(219): Illuminate\\Foundation\\Http\\Middleware\\PreventRequestsDuringMaintenance->handle(Object(Illuminate\\Http\\Request), Object(Closure))
#39 C:\\xampp\\htdocs\\CSE485_BTTH04\\vendor\\laravel\\framework\\src\\Illuminate\\Http\\Middleware\\HandleCors.php(48): Illuminate\\Pipeline\\Pipeline->Illuminate\\Pipeline\\{closure}(Object(Illuminate\\Http\\Request))
#40 C:\\xampp\\htdocs\\CSE485_BTTH04\\vendor\\laravel\\framework\\src\\Illuminate\\Pipeline\\Pipeline.php(219): Illuminate\\Http\\Middleware\\HandleCors->handle(Object(Illuminate\\Http\\Request), Object(Closure))
#41 C:\\xampp\\htdocs\\CSE485_BTTH04\\vendor\\laravel\\framework\\src\\Illuminate\\Http\\Middleware\\TrustProxies.php(58): Illuminate\\Pipeline\\Pipeline->Illuminate\\Pipeline\\{closure}(Object(Illuminate\\Http\\Request))
#42 C:\\xampp\\htdocs\\CSE485_BTTH04\\vendor\\laravel\\framework\\src\\Illuminate\\Pipeline\\Pipeline.php(219): Illuminate\\Http\\Middleware\\TrustProxies->handle(Object(Illuminate\\Http\\Request), Object(Closure))
#43 C:\\xampp\\htdocs\\CSE485_BTTH04\\vendor\\laravel\\framework\\src\\Illuminate\\Foundation\\Http\\Middleware\\InvokeDeferredCallbacks.php(22): Illuminate\\Pipeline\\Pipeline->Illuminate\\Pipeline\\{closure}(Object(Illuminate\\Http\\Request))
#44 C:\\xampp\\htdocs\\CSE485_BTTH04\\vendor\\laravel\\framework\\src\\Illuminate\\Pipeline\\Pipeline.php(219): Illuminate\\Foundation\\Http\\Middleware\\InvokeDeferredCallbacks->handle(Object(Illuminate\\Http\\Request), Object(Closure))
#45 C:\\xampp\\htdocs\\CSE485_BTTH04\\vendor\\laravel\\framework\\src\\Illuminate\\Http\\Middleware\\ValidatePathEncoding.php(26): Illuminate\\Pipeline\\Pipeline->Illuminate\\Pipeline\\{closure}(Object(Illuminate\\Http\\Request))
#46 C:\\xampp\\htdocs\\CSE485_BTTH04\\vendor\\laravel\\framework\\src\\Illuminate\\Pipeline\\Pipeline.php(219): Illuminate\\Http\\Middleware\\ValidatePathEncoding->handle(Object(Illuminate\\Http\\Request), Object(Closure))
#47 C:\\xampp\\htdocs\\CSE485_BTTH04\\vendor\\laravel\\framework\\src\\Illuminate\\Pipeline\\Pipeline.php(137): Illuminate\\Pipeline\\Pipeline->Illuminate\\Pipeline\\{closure}(Object(Illuminate\\Http\\Request))
#48 C:\\xampp\\htdocs\\CSE485_BTTH04\\vendor\\laravel\\framework\\src\\Illuminate\\Foundation\\Http\\Kernel.php(175): Illuminate\\Pipeline\\Pipeline->then(Object(Closure))
#49 C:\\xampp\\htdocs\\CSE485_BTTH04\\vendor\\laravel\\framework\\src\\Illuminate\\Foundation\\Http\\Kernel.php(144): Illuminate\\Foundation\\Http\\Kernel->sendRequestThroughRouter(Object(Illuminate\\Http\\Request))
#50 C:\\xampp\\htdocs\\CSE485_BTTH04\\vendor\\laravel\\framework\\src\\Illuminate\\Foundation\\Application.php(1220): Illuminate\\Foundation\\Http\\Kernel->handle(Object(Illuminate\\Http\\Request))
#51 C:\\xampp\\htdocs\\CSE485_BTTH04\\public\\index.php(20): Illuminate\\Foundation\\Application->handleRequest(Object(Illuminate\\Http\\Request))
#52 C:\\xampp\\htdocs\\CSE485_BTTH04\\vendor\\laravel\\framework\\src\\Illuminate\\Foundation\\resources\\server.php(23): require_once('C:\\\\xampp\\\\htdocs...')
#53 {main}

[previous exception] [object] (PDOException(code: 42S02): SQLSTATE[42S02]: Base table or view not found: 1146 Table 'qlda.sessions' doesn't exist at C:\\xampp\\htdocs\\CSE485_BTTH04\\vendor\\laravel\\framework\\src\\Illuminate\\Database\\Connection.php:406)
[stacktrace]
#0 C:\\xampp\\htdocs\\CSE485_BTTH04\\vendor\\laravel\\framework\\src\\Illuminate\\Database\\Connection.php(406): PDO->prepare('select * from `...')
#1 C:\\xampp\\htdocs\\CSE485_BTTH04\\vendor\\laravel\\framework\\src\\Illuminate\\Database\\Connection.php(813): Illuminate\\Database\\Connection->Illuminate\\Database\\{closure}('select * from `...', Array)
#2 C:\\xampp\\htdocs\\CSE485_BTTH04\\vendor\\laravel\\framework\\src\\Illuminate\\Database\\Connection.php(780): Illuminate\\Database\\Connection->runQueryCallback('select * from `...', Array, Object(Closure))
#3 C:\\xampp\\htdocs\\CSE485_BTTH04\\vendor\\laravel\\framework\\src\\Illuminate\\Database\\Connection.php(397): Illuminate\\Database\\Connection->run('select * from `...', Array, Object(Closure))
#4 C:\\xampp\\htdocs\\CSE485_BTTH04\\vendor\\laravel\\framework\\src\\Illuminate\\Database\\Query\\Builder.php(3188): Illuminate\\Database\\Connection->select('select * from `...', Array, false)
#5 C:\\xampp\\htdocs\\CSE485_BTTH04\\vendor\\laravel\\framework\\src\\Illuminate\\Database\\Query\\Builder.php(3173): Illuminate\\Database\\Query\\Builder->runSelect()
#6 C:\\xampp\\htdocs\\CSE485_BTTH04\\vendor\\laravel\\framework\\src\\Illuminate\\Database\\Query\\Builder.php(3763): Illuminate\\Database\\Query\\Builder->Illuminate\\Database\\Query\\{closure}()
#7 C:\\xampp\\htdocs\\CSE485_BTTH04\\vendor\\laravel\\framework\\src\\Illuminate\\Database\\Query\\Builder.php(3172): Illuminate\\Database\\Query\\Builder->onceWithColumns(Array, Object(Closure))
#8 C:\\xampp\\htdocs\\CSE485_BTTH04\\vendor\\laravel\\framework\\src\\Illuminate\\Database\\Concerns\\BuildsQueries.php(366): Illuminate\\Database\\Query\\Builder->get(Array)
#9 C:\\xampp\\htdocs\\CSE485_BTTH04\\vendor\\laravel\\framework\\src\\Illuminate\\Database\\Query\\Builder.php(3095): Illuminate\\Database\\Query\\Builder->first(Array)
#10 C:\\xampp\\htdocs\\CSE485_BTTH04\\vendor\\laravel\\framework\\src\\Illuminate\\Session\\DatabaseSessionHandler.php(96): Illuminate\\Database\\Query\\Builder->find('vvRaJdJs0rm65WF...')
#11 C:\\xampp\\htdocs\\CSE485_BTTH04\\vendor\\laravel\\framework\\src\\Illuminate\\Session\\Store.php(117): Illuminate\\Session\\DatabaseSessionHandler->read('vvRaJdJs0rm65WF...')
#12 C:\\xampp\\htdocs\\CSE485_BTTH04\\vendor\\laravel\\framework\\src\\Illuminate\\Session\\Store.php(105): Illuminate\\Session\\Store->readFromHandler()
#13 C:\\xampp\\htdocs\\CSE485_BTTH04\\vendor\\laravel\\framework\\src\\Illuminate\\Session\\Store.php(89): Illuminate\\Session\\Store->loadSession()
#14 C:\\xampp\\htdocs\\CSE485_BTTH04\\vendor\\laravel\\framework\\src\\Illuminate\\Session\\Middleware\\StartSession.php(146): Illuminate\\Session\\Store->start()
#15 C:\\xampp\\htdocs\\CSE485_BTTH04\\vendor\\laravel\\framework\\src\\Illuminate\\Support\\helpers.php(390): Illuminate\\Session\\Middleware\\StartSession->Illuminate\\Session\\Middleware\\{closure}(Object(Illuminate\\Session\\Store))
#16 C:\\xampp\\htdocs\\CSE485_BTTH04\\vendor\\laravel\\framework\\src\\Illuminate\\Session\\Middleware\\StartSession.php(143): tap(Object(Illuminate\\Session\\Store), Object(Closure))
#17 C:\\xampp\\htdocs\\CSE485_BTTH04\\vendor\\laravel\\framework\\src\\Illuminate\\Session\\Middleware\\StartSession.php(115): Illuminate\\Session\\Middleware\\StartSession->startSession(Object(Illuminate\\Http\\Request), Object(Illuminate\\Session\\Store))
#18 C:\\xampp\\htdocs\\CSE485_BTTH04\\vendor\\laravel\\framework\\src\\Illuminate\\Session\\Middleware\\StartSession.php(63): Illuminate\\Session\\Middleware\\StartSession->handleStatefulRequest(Object(Illuminate\\Http\\Request), Object(Illuminate\\Session\\Store), Object(Closure))
#19 C:\\xampp\\htdocs\\CSE485_BTTH04\\vendor\\laravel\\framework\\src\\Illuminate\\Pipeline\\Pipeline.php(219): Illuminate\\Session\\Middleware\\StartSession->handle(Object(Illuminate\\Http\\Request), Object(Closure))
#20 C:\\xampp\\htdocs\\CSE485_BTTH04\\vendor\\laravel\\framework\\src\\Illuminate\\Cookie\\Middleware\\AddQueuedCookiesToResponse.php(36): Illuminate\\Pipeline\\Pipeline->Illuminate\\Pipeline\\{closure}(Object(Illuminate\\Http\\Request))
#21 C:\\xampp\\htdocs\\CSE485_BTTH04\\vendor\\laravel\\framework\\src\\Illuminate\\Pipeline\\Pipeline.php(219): Illuminate\\Cookie\\Middleware\\AddQueuedCookiesToResponse->handle(Object(Illuminate\\Http\\Request), Object(Closure))
#22 C:\\xampp\\htdocs\\CSE485_BTTH04\\vendor\\laravel\\framework\\src\\Illuminate\\Cookie\\Middleware\\EncryptCookies.php(74): Illuminate\\Pipeline\\Pipeline->Illuminate\\Pipeline\\{closure}(Object(Illuminate\\Http\\Request))
#23 C:\\xampp\\htdocs\\CSE485_BTTH04\\vendor\\laravel\\framework\\src\\Illuminate\\Pipeline\\Pipeline.php(219): Illuminate\\Cookie\\Middleware\\EncryptCookies->handle(Object(Illuminate\\Http\\Request), Object(Closure))
#24 C:\\xampp\\htdocs\\CSE485_BTTH04\\vendor\\laravel\\framework\\src\\Illuminate\\Pipeline\\Pipeline.php(137): Illuminate\\Pipeline\\Pipeline->Illuminate\\Pipeline\\{closure}(Object(Illuminate\\Http\\Request))
#25 C:\\xampp\\htdocs\\CSE485_BTTH04\\vendor\\laravel\\framework\\src\\Illuminate\\Routing\\Router.php(821): Illuminate\\Pipeline\\Pipeline->then(Object(Closure))
#26 C:\\xampp\\htdocs\\CSE485_BTTH04\\vendor\\laravel\\framework\\src\\Illuminate\\Routing\\Router.php(800): Illuminate\\Routing\\Router->runRouteWithinStack(Object(Illuminate\\Routing\\Route), Object(Illuminate\\Http\\Request))
#27 C:\\xampp\\htdocs\\CSE485_BTTH04\\vendor\\laravel\\framework\\src\\Illuminate\\Routing\\Router.php(764): Illuminate\\Routing\\Router->runRoute(Object(Illuminate\\Http\\Request), Object(Illuminate\\Routing\\Route))
#28 C:\\xampp\\htdocs\\CSE485_BTTH04\\vendor\\laravel\\framework\\src\\Illuminate\\Routing\\Router.php(753): Illuminate\\Routing\\Router->dispatchToRoute(Object(Illuminate\\Http\\Request))
#29 C:\\xampp\\htdocs\\CSE485_BTTH04\\vendor\\laravel\\framework\\src\\Illuminate\\Foundation\\Http\\Kernel.php(200): Illuminate\\Routing\\Router->dispatch(Object(Illuminate\\Http\\Request))
#30 C:\\xampp\\htdocs\\CSE485_BTTH04\\vendor\\laravel\\framework\\src\\Illuminate\\Pipeline\\Pipeline.php(180): Illuminate\\Foundation\\Http\\Kernel->Illuminate\\Foundation\\Http\\{closure}(Object(Illuminate\\Http\\Request))
#31 C:\\xampp\\htdocs\\CSE485_BTTH04\\vendor\\laravel\\framework\\src\\Illuminate\\Foundation\\Http\\Middleware\\TransformsRequest.php(21): Illuminate\\Pipeline\\Pipeline->Illuminate\\Pipeline\\{closure}(Object(Illuminate\\Http\\Request))
#32 C:\\xampp\\htdocs\\CSE485_BTTH04\\vendor\\laravel\\framework\\src\\Illuminate\\Foundation\\Http\\Middleware\\ConvertEmptyStringsToNull.php(31): Illuminate\\Foundation\\Http\\Middleware\\TransformsRequest->handle(Object(Illuminate\\Http\\Request), Object(Closure))
#33 C:\\xampp\\htdocs\\CSE485_BTTH04\\vendor\\laravel\\framework\\src\\Illuminate\\Pipeline\\Pipeline.php(219): Illuminate\\Foundation\\Http\\Middleware\\ConvertEmptyStringsToNull->handle(Object(Illuminate\\Http\\Request), Object(Closure))
#34 C:\\xampp\\htdocs\\CSE485_BTTH04\\vendor\\laravel\\framework\\src\\Illuminate\\Foundation\\Http\\Middleware\\TransformsRequest.php(21): Illuminate\\Pipeline\\Pipeline->Illuminate\\Pipeline\\{closure}(Object(Illuminate\\Http\\Request))
#35 C:\\xampp\\htdocs\\CSE485_BTTH04\\vendor\\laravel\\framework\\src\\Illuminate\\Foundation\\Http\\Middleware\\TrimStrings.php(51): Illuminate\\Foundation\\Http\\Middleware\\TransformsRequest->handle(Object(Illuminate\\Http\\Request), Object(Closure))
#36 C:\\xampp\\htdocs\\CSE485_BTTH04\\vendor\\laravel\\framework\\src\\Illuminate\\Pipeline\\Pipeline.php(219): Illuminate\\Foundation\\Http\\Middleware\\TrimStrings->handle(Object(Illuminate\\Http\\Request), Object(Closure))
#37 C:\\xampp\\htdocs\\CSE485_BTTH04\\vendor\\laravel\\framework\\src\\Illuminate\\Http\\Middleware\\ValidatePostSize.php(27): Illuminate\\Pipeline\\Pipeline->Illuminate\\Pipeline\\{closure}(Object(Illuminate\\Http\\Request))
#38 C:\\xampp\\htdocs\\CSE485_BTTH04\\vendor\\laravel\\framework\\src\\Illuminate\\Pipeline\\Pipeline.php(219): Illuminate\\Http\\Middleware\\ValidatePostSize->handle(Object(Illuminate\\Http\\Request), Object(Closure))
#39 C:\\xampp\\htdocs\\CSE485_BTTH04\\vendor\\laravel\\framework\\src\\Illuminate\\Foundation\\Http\\Middleware\\PreventRequestsDuringMaintenance.php(109): Illuminate\\Pipeline\\Pipeline->Illuminate\\Pipeline\\{closure}(Object(Illuminate\\Http\\Request))
#40 C:\\xampp\\htdocs\\CSE485_BTTH04\\vendor\\laravel\\framework\\src\\Illuminate\\Pipeline\\Pipeline.php(219): Illuminate\\Foundation\\Http\\Middleware\\PreventRequestsDuringMaintenance->handle(Object(Illuminate\\Http\\Request), Object(Closure))
#41 C:\\xampp\\htdocs\\CSE485_BTTH04\\vendor\\laravel\\framework\\src\\Illuminate\\Http\\Middleware\\HandleCors.php(48): Illuminate\\Pipeline\\Pipeline->Illuminate\\Pipeline\\{closure}(Object(Illuminate\\Http\\Request))
#42 C:\\xampp\\htdocs\\CSE485_BTTH04\\vendor\\laravel\\framework\\src\\Illuminate\\Pipeline\\Pipeline.php(219): Illuminate\\Http\\Middleware\\HandleCors->handle(Object(Illuminate\\Http\\Request), Object(Closure))
#43 C:\\xampp\\htdocs\\CSE485_BTTH04\\vendor\\laravel\\framework\\src\\Illuminate\\Http\\Middleware\\TrustProxies.php(58): Illuminate\\Pipeline\\Pipeline->Illuminate\\Pipeline\\{closure}(Object(Illuminate\\Http\\Request))
#44 C:\\xampp\\htdocs\\CSE485_BTTH04\\vendor\\laravel\\framework\\src\\Illuminate\\Pipeline\\Pipeline.php(219): Illuminate\\Http\\Middleware\\TrustProxies->handle(Object(Illuminate\\Http\\Request), Object(Closure))
#45 C:\\xampp\\htdocs\\CSE485_BTTH04\\vendor\\laravel\\framework\\src\\Illuminate\\Foundation\\Http\\Middleware\\InvokeDeferredCallbacks.php(22): Illuminate\\Pipeline\\Pipeline->Illuminate\\Pipeline\\{closure}(Object(Illuminate\\Http\\Request))
#46 C:\\xampp\\htdocs\\CSE485_BTTH04\\vendor\\laravel\\framework\\src\\Illuminate\\Pipeline\\Pipeline.php(219): Illuminate\\Foundation\\Http\\Middleware\\InvokeDeferredCallbacks->handle(Object(Illuminate\\Http\\Request), Object(Closure))
#47 C:\\xampp\\htdocs\\CSE485_BTTH04\\vendor\\laravel\\framework\\src\\Illuminate\\Http\\Middleware\\ValidatePathEncoding.php(26): Illuminate\\Pipeline\\Pipeline->Illuminate\\Pipeline\\{closure}(Object(Illuminate\\Http\\Request))
#48 C:\\xampp\\htdocs\\CSE485_BTTH04\\vendor\\laravel\\framework\\src\\Illuminate\\Pipeline\\Pipeline.php(219): Illuminate\\Http\\Middleware\\ValidatePathEncoding->handle(Object(Illuminate\\Http\\Request), Object(Closure))
#49 C:\\xampp\\htdocs\\CSE485_BTTH04\\vendor\\laravel\\framework\\src\\Illuminate\\Pipeline\\Pipeline.php(137): Illuminate\\Pipeline\\Pipeline->Illuminate\\Pipeline\\{closure}(Object(Illuminate\\Http\\Request))
#50 C:\\xampp\\htdocs\\CSE485_BTTH04\\vendor\\laravel\\framework\\src\\Illuminate\\Foundation\\Http\\Kernel.php(175): Illuminate\\Pipeline\\Pipeline->then(Object(Closure))
#51 C:\\xampp\\htdocs\\CSE485_BTTH04\\vendor\\laravel\\framework\\src\\Illuminate\\Foundation\\Http\\Kernel.php(144): Illuminate\\Foundation\\Http\\Kernel->sendRequestThroughRouter(Object(Illuminate\\Http\\Request))
#52 C:\\xampp\\htdocs\\CSE485_BTTH04\\vendor\\laravel\\framework\\src\\Illuminate\\Foundation\\Application.php(1220): Illuminate\\Foundation\\Http\\Kernel->handle(Object(Illuminate\\Http\\Request))
#53 C:\\xampp\\htdocs\\CSE485_BTTH04\\public\\index.php(20): Illuminate\\Foundation\\Application->handleRequest(Object(Illuminate\\Http\\Request))
#54 C:\\xampp\\htdocs\\CSE485_BTTH04\\vendor\\laravel\\framework\\src\\Illuminate\\Foundation\\resources\\server.php(23): require_once('C:\\\\xampp\\\\htdocs...')
#55 {main}
"} 
[2025-12-20 04:17:10] local.ERROR: SQLSTATE[42S02]: Base table or view not found: 1146 Table 'qlda.sessions' doesn't exist (Connection: mysql, SQL: select * from `sessions` where `id` = tiIUAEAeHGhdvG2FPGJjwitCO9NPES3oytoJztN0 limit 1) {"exception":"[object] (Illuminate\\Database\\QueryException(code: 42S02): SQLSTATE[42S02]: Base table or view not found: 1146 Table 'qlda.sessions' doesn't exist (Connection: mysql, SQL: select * from `sessions` where `id` = tiIUAEAeHGhdvG2FPGJjwitCO9NPES3oytoJztN0 limit 1) at C:\\xampp\\htdocs\\CSE485_BTTH04\\vendor\\laravel\\framework\\src\\Illuminate\\Database\\Connection.php:826)
[stacktrace]
#0 C:\\xampp\\htdocs\\CSE485_BTTH04\\vendor\\laravel\\framework\\src\\Illuminate\\Database\\Connection.php(780): Illuminate\\Database\\Connection->runQueryCallback('select * from `...', Array, Object(Closure))
#1 C:\\xampp\\htdocs\\CSE485_BTTH04\\vendor\\laravel\\framework\\src\\Illuminate\\Database\\Connection.php(397): Illuminate\\Database\\Connection->run('select * from `...', Array, Object(Closure))
#2 C:\\xampp\\htdocs\\CSE485_BTTH04\\vendor\\laravel\\framework\\src\\Illuminate\\Database\\Query\\Builder.php(3188): Illuminate\\Database\\Connection->select('select * from `...', Array, false)
#3 C:\\xampp\\htdocs\\CSE485_BTTH04\\vendor\\laravel\\framework\\src\\Illuminate\\Database\\Query\\Builder.php(3173): Illuminate\\Database\\Query\\Builder->runSelect()
#4 C:\\xampp\\htdocs\\CSE485_BTTH04\\vendor\\laravel\\framework\\src\\Illuminate\\Database\\Query\\Builder.php(3763): Illuminate\\Database\\Query\\Builder->Illuminate\\Database\\Query\\{closure}()
#5 C:\\xampp\\htdocs\\CSE485_BTTH04\\vendor\\laravel\\framework\\src\\Illuminate\\Database\\Query\\Builder.php(3172): Illuminate\\Database\\Query\\Builder->onceWithColumns(Array, Object(Closure))
#6 C:\\xampp\\htdocs\\CSE485_BTTH04\\vendor\\laravel\\framework\\src\\Illuminate\\Database\\Concerns\\BuildsQueries.php(366): Illuminate\\Database\\Query\\Builder->get(Array)
#7 C:\\xampp\\htdocs\\CSE485_BTTH04\\vendor\\laravel\\framework\\src\\Illuminate\\Database\\Query\\Builder.php(3095): Illuminate\\Database\\Query\\Builder->first(Array)
#8 C:\\xampp\\htdocs\\CSE485_BTTH04\\vendor\\laravel\\framework\\src\\Illuminate\\Session\\DatabaseSessionHandler.php(96): Illuminate\\Database\\Query\\Builder->find('tiIUAEAeHGhdvG2...')
#9 C:\\xampp\\htdocs\\CSE485_BTTH04\\vendor\\laravel\\framework\\src\\Illuminate\\Session\\Store.php(117): Illuminate\\Session\\DatabaseSessionHandler->read('tiIUAEAeHGhdvG2...')
#10 C:\\xampp\\htdocs\\CSE485_BTTH04\\vendor\\laravel\\framework\\src\\Illuminate\\Session\\Store.php(105): Illuminate\\Session\\Store->readFromHandler()
#11 C:\\xampp\\htdocs\\CSE485_BTTH04\\vendor\\laravel\\framework\\src\\Illuminate\\Session\\Store.php(89): Illuminate\\Session\\Store->loadSession()
#12 C:\\xampp\\htdocs\\CSE485_BTTH04\\vendor\\laravel\\framework\\src\\Illuminate\\Session\\Middleware\\StartSession.php(146): Illuminate\\Session\\Store->start()
#13 C:\\xampp\\htdocs\\CSE485_BTTH04\\vendor\\laravel\\framework\\src\\Illuminate\\Support\\helpers.php(390): Illuminate\\Session\\Middleware\\StartSession->Illuminate\\Session\\Middleware\\{closure}(Object(Illuminate\\Session\\Store))
#14 C:\\xampp\\htdocs\\CSE485_BTTH04\\vendor\\laravel\\framework\\src\\Illuminate\\Session\\Middleware\\StartSession.php(143): tap(Object(Illuminate\\Session\\Store), Object(Closure))
#15 C:\\xampp\\htdocs\\CSE485_BTTH04\\vendor\\laravel\\framework\\src\\Illuminate\\Session\\Middleware\\StartSession.php(115): Illuminate\\Session\\Middleware\\StartSession->startSession(Object(Illuminate\\Http\\Request), Object(Illuminate\\Session\\Store))
#16 C:\\xampp\\htdocs\\CSE485_BTTH04\\vendor\\laravel\\framework\\src\\Illuminate\\Session\\Middleware\\StartSession.php(63): Illuminate\\Session\\Middleware\\StartSession->handleStatefulRequest(Object(Illuminate\\Http\\Request), Object(Illuminate\\Session\\Store), Object(Closure))
#17 C:\\xampp\\htdocs\\CSE485_BTTH04\\vendor\\laravel\\framework\\src\\Illuminate\\Pipeline\\Pipeline.php(219): Illuminate\\Session\\Middleware\\StartSession->handle(Object(Illuminate\\Http\\Request), Object(Closure))
#18 C:\\xampp\\htdocs\\CSE485_BTTH04\\vendor\\laravel\\framework\\src\\Illuminate\\Cookie\\Middleware\\AddQueuedCookiesToResponse.php(36): Illuminate\\Pipeline\\Pipeline->Illuminate\\Pipeline\\{closure}(Object(Illuminate\\Http\\Request))
#19 C:\\xampp\\htdocs\\CSE485_BTTH04\\vendor\\laravel\\framework\\src\\Illuminate\\Pipeline\\Pipeline.php(219): Illuminate\\Cookie\\Middleware\\AddQueuedCookiesToResponse->handle(Object(Illuminate\\Http\\Request), Object(Closure))
#20 C:\\xampp\\htdocs\\CSE485_BTTH04\\vendor\\laravel\\framework\\src\\Illuminate\\Cookie\\Middleware\\EncryptCookies.php(74): Illuminate\\Pipeline\\Pipeline->Illuminate\\Pipeline\\{closure}(Object(Illuminate\\Http\\Request))
#21 C:\\xampp\\htdocs\\CSE485_BTTH04\\vendor\\laravel\\framework\\src\\Illuminate\\Pipeline\\Pipeline.php(219): Illuminate\\Cookie\\Middleware\\EncryptCookies->handle(Object(Illuminate\\Http\\Request), Object(Closure))
#22 C:\\xampp\\htdocs\\CSE485_BTTH04\\vendor\\laravel\\framework\\src\\Illuminate\\Pipeline\\Pipeline.php(137): Illuminate\\Pipeline\\Pipeline->Illuminate\\Pipeline\\{closure}(Object(Illuminate\\Http\\Request))
#23 C:\\xampp\\htdocs\\CSE485_BTTH04\\vendor\\laravel\\framework\\src\\Illuminate\\Routing\\Router.php(821): Illuminate\\Pipeline\\Pipeline->then(Object(Closure))
#24 C:\\xampp\\htdocs\\CSE485_BTTH04\\vendor\\laravel\\framework\\src\\Illuminate\\Routing\\Router.php(800): Illuminate\\Routing\\Router->runRouteWithinStack(Object(Illuminate\\Routing\\Route), Object(Illuminate\\Http\\Request))
#25 C:\\xampp\\htdocs\\CSE485_BTTH04\\vendor\\laravel\\framework\\src\\Illuminate\\Routing\\Router.php(764): Illuminate\\Routing\\Router->runRoute(Object(Illuminate\\Http\\Request), Object(Illuminate\\Routing\\Route))
#26 C:\\xampp\\htdocs\\CSE485_BTTH04\\vendor\\laravel\\framework\\src\\Illuminate\\Routing\\Router.php(753): Illuminate\\Routing\\Router->dispatchToRoute(Object(Illuminate\\Http\\Request))
#27 C:\\xampp\\htdocs\\CSE485_BTTH04\\vendor\\laravel\\framework\\src\\Illuminate\\Foundation\\Http\\Kernel.php(200): Illuminate\\Routing\\Router->dispatch(Object(Illuminate\\Http\\Request))
#28 C:\\xampp\\htdocs\\CSE485_BTTH04\\vendor\\laravel\\framework\\src\\Illuminate\\Pipeline\\Pipeline.php(180): Illuminate\\Foundation\\Http\\Kernel->Illuminate\\Foundation\\Http\\{closure}(Object(Illuminate\\Http\\Request))
#29 C:\\xampp\\htdocs\\CSE485_BTTH04\\vendor\\laravel\\framework\\src\\Illuminate\\Foundation\\Http\\Middleware\\TransformsRequest.php(21): Illuminate\\Pipeline\\Pipeline->Illuminate\\Pipeline\\{closure}(Object(Illuminate\\Http\\Request))
#30 C:\\xampp\\htdocs\\CSE485_BTTH04\\vendor\\laravel\\framework\\src\\Illuminate\\Foundation\\Http\\Middleware\\ConvertEmptyStringsToNull.php(31): Illuminate\\Foundation\\Http\\Middleware\\TransformsRequest->handle(Object(Illuminate\\Http\\Request), Object(Closure))
#31 C:\\xampp\\htdocs\\CSE485_BTTH04\\vendor\\laravel\\framework\\src\\Illuminate\\Pipeline\\Pipeline.php(219): Illuminate\\Foundation\\Http\\Middleware\\ConvertEmptyStringsToNull->handle(Object(Illuminate\\Http\\Request), Object(Closure))
#32 C:\\xampp\\htdocs\\CSE485_BTTH04\\vendor\\laravel\\framework\\src\\Illuminate\\Foundation\\Http\\Middleware\\TransformsRequest.php(21): Illuminate\\Pipeline\\Pipeline->Illuminate\\Pipeline\\{closure}(Object(Illuminate\\Http\\Request))
#33 C:\\xampp\\htdocs\\CSE485_BTTH04\\vendor\\laravel\\framework\\src\\Illuminate\\Foundation\\Http\\Middleware\\TrimStrings.php(51): Illuminate\\Foundation\\Http\\Middleware\\TransformsRequest->handle(Object(Illuminate\\Http\\Request), Object(Closure))
#34 C:\\xampp\\htdocs\\CSE485_BTTH04\\vendor\\laravel\\framework\\src\\Illuminate\\Pipeline\\Pipeline.php(219): Illuminate\\Foundation\\Http\\Middleware\\TrimStrings->handle(Object(Illuminate\\Http\\Request), Object(Closure))
#35 C:\\xampp\\htdocs\\CSE485_BTTH04\\vendor\\laravel\\framework\\src\\Illuminate\\Http\\Middleware\\ValidatePostSize.php(27): Illuminate\\Pipeline\\Pipeline->Illuminate\\Pipeline\\{closure}(Object(Illuminate\\Http\\Request))
#36 C:\\xampp\\htdocs\\CSE485_BTTH04\\vendor\\laravel\\framework\\src\\Illuminate\\Pipeline\\Pipeline.php(219): Illuminate\\Http\\Middleware\\ValidatePostSize->handle(Object(Illuminate\\Http\\Request), Object(Closure))
#37 C:\\xampp\\htdocs\\CSE485_BTTH04\\vendor\\laravel\\framework\\src\\Illuminate\\Foundation\\Http\\Middleware\\PreventRequestsDuringMaintenance.php(109): Illuminate\\Pipeline\\Pipeline->Illuminate\\Pipeline\\{closure}(Object(Illuminate\\Http\\Request))
#38 C:\\xampp\\htdocs\\CSE485_BTTH04\\vendor\\laravel\\framework\\src\\Illuminate\\Pipeline\\Pipeline.php(219): Illuminate\\Foundation\\Http\\Middleware\\PreventRequestsDuringMaintenance->handle(Object(Illuminate\\Http\\Request), Object(Closure))
#39 C:\\xampp\\htdocs\\CSE485_BTTH04\\vendor\\laravel\\framework\\src\\Illuminate\\Http\\Middleware\\HandleCors.php(48): Illuminate\\Pipeline\\Pipeline->Illuminate\\Pipeline\\{closure}(Object(Illuminate\\Http\\Request))
#40 C:\\xampp\\htdocs\\CSE485_BTTH04\\vendor\\laravel\\framework\\src\\Illuminate\\Pipeline\\Pipeline.php(219): Illuminate\\Http\\Middleware\\HandleCors->handle(Object(Illuminate\\Http\\Request), Object(Closure))
#41 C:\\xampp\\htdocs\\CSE485_BTTH04\\vendor\\laravel\\framework\\src\\Illuminate\\Http\\Middleware\\TrustProxies.php(58): Illuminate\\Pipeline\\Pipeline->Illuminate\\Pipeline\\{closure}(Object(Illuminate\\Http\\Request))
#42 C:\\xampp\\htdocs\\CSE485_BTTH04\\vendor\\laravel\\framework\\src\\Illuminate\\Pipeline\\Pipeline.php(219): Illuminate\\Http\\Middleware\\TrustProxies->handle(Object(Illuminate\\Http\\Request), Object(Closure))
#43 C:\\xampp\\htdocs\\CSE485_BTTH04\\vendor\\laravel\\framework\\src\\Illuminate\\Foundation\\Http\\Middleware\\InvokeDeferredCallbacks.php(22): Illuminate\\Pipeline\\Pipeline->Illuminate\\Pipeline\\{closure}(Object(Illuminate\\Http\\Request))
#44 C:\\xampp\\htdocs\\CSE485_BTTH04\\vendor\\laravel\\framework\\src\\Illuminate\\Pipeline\\Pipeline.php(219): Illuminate\\Foundation\\Http\\Middleware\\InvokeDeferredCallbacks->handle(Object(Illuminate\\Http\\Request), Object(Closure))
#45 C:\\xampp\\htdocs\\CSE485_BTTH04\\vendor\\laravel\\framework\\src\\Illuminate\\Http\\Middleware\\ValidatePathEncoding.php(26): Illuminate\\Pipeline\\Pipeline->Illuminate\\Pipeline\\{closure}(Object(Illuminate\\Http\\Request))
#46 C:\\xampp\\htdocs\\CSE485_BTTH04\\vendor\\laravel\\framework\\src\\Illuminate\\Pipeline\\Pipeline.php(219): Illuminate\\Http\\Middleware\\ValidatePathEncoding->handle(Object(Illuminate\\Http\\Request), Object(Closure))
#47 C:\\xampp\\htdocs\\CSE485_BTTH04\\vendor\\laravel\\framework\\src\\Illuminate\\Pipeline\\Pipeline.php(137): Illuminate\\Pipeline\\Pipeline->Illuminate\\Pipeline\\{closure}(Object(Illuminate\\Http\\Request))
#48 C:\\xampp\\htdocs\\CSE485_BTTH04\\vendor\\laravel\\framework\\src\\Illuminate\\Foundation\\Http\\Kernel.php(175): Illuminate\\Pipeline\\Pipeline->then(Object(Closure))
#49 C:\\xampp\\htdocs\\CSE485_BTTH04\\vendor\\laravel\\framework\\src\\Illuminate\\Foundation\\Http\\Kernel.php(144): Illuminate\\Foundation\\Http\\Kernel->sendRequestThroughRouter(Object(Illuminate\\Http\\Request))
#50 C:\\xampp\\htdocs\\CSE485_BTTH04\\vendor\\laravel\\framework\\src\\Illuminate\\Foundation\\Application.php(1220): Illuminate\\Foundation\\Http\\Kernel->handle(Object(Illuminate\\Http\\Request))
#51 C:\\xampp\\htdocs\\CSE485_BTTH04\\public\\index.php(20): Illuminate\\Foundation\\Application->handleRequest(Object(Illuminate\\Http\\Request))
#52 C:\\xampp\\htdocs\\CSE485_BTTH04\\vendor\\laravel\\framework\\src\\Illuminate\\Foundation\\resources\\server.php(23): require_once('C:\\\\xampp\\\\htdocs...')
#53 {main}

[previous exception] [object] (PDOException(code: 42S02): SQLSTATE[42S02]: Base table or view not found: 1146 Table 'qlda.sessions' doesn't exist at C:\\xampp\\htdocs\\CSE485_BTTH04\\vendor\\laravel\\framework\\src\\Illuminate\\Database\\Connection.php:406)
[stacktrace]
#0 C:\\xampp\\htdocs\\CSE485_BTTH04\\vendor\\laravel\\framework\\src\\Illuminate\\Database\\Connection.php(406): PDO->prepare('select * from `...')
#1 C:\\xampp\\htdocs\\CSE485_BTTH04\\vendor\\laravel\\framework\\src\\Illuminate\\Database\\Connection.php(813): Illuminate\\Database\\Connection->Illuminate\\Database\\{closure}('select * from `...', Array)
#2 C:\\xampp\\htdocs\\CSE485_BTTH04\\vendor\\laravel\\framework\\src\\Illuminate\\Database\\Connection.php(780): Illuminate\\Database\\Connection->runQueryCallback('select * from `...', Array, Object(Closure))
#3 C:\\xampp\\htdocs\\CSE485_BTTH04\\vendor\\laravel\\framework\\src\\Illuminate\\Database\\Connection.php(397): Illuminate\\Database\\Connection->run('select * from `...', Array, Object(Closure))
#4 C:\\xampp\\htdocs\\CSE485_BTTH04\\vendor\\laravel\\framework\\src\\Illuminate\\Database\\Query\\Builder.php(3188): Illuminate\\Database\\Connection->select('select * from `...', Array, false)
#5 C:\\xampp\\htdocs\\CSE485_BTTH04\\vendor\\laravel\\framework\\src\\Illuminate\\Database\\Query\\Builder.php(3173): Illuminate\\Database\\Query\\Builder->runSelect()
#6 C:\\xampp\\htdocs\\CSE485_BTTH04\\vendor\\laravel\\framework\\src\\Illuminate\\Database\\Query\\Builder.php(3763): Illuminate\\Database\\Query\\Builder->Illuminate\\Database\\Query\\{closure}()
#7 C:\\xampp\\htdocs\\CSE485_BTTH04\\vendor\\laravel\\framework\\src\\Illuminate\\Database\\Query\\Builder.php(3172): Illuminate\\Database\\Query\\Builder->onceWithColumns(Array, Object(Closure))
#8 C:\\xampp\\htdocs\\CSE485_BTTH04\\vendor\\laravel\\framework\\src\\Illuminate\\Database\\Concerns\\BuildsQueries.php(366): Illuminate\\Database\\Query\\Builder->get(Array)
#9 C:\\xampp\\htdocs\\CSE485_BTTH04\\vendor\\laravel\\framework\\src\\Illuminate\\Database\\Query\\Builder.php(3095): Illuminate\\Database\\Query\\Builder->first(Array)
#10 C:\\xampp\\htdocs\\CSE485_BTTH04\\vendor\\laravel\\framework\\src\\Illuminate\\Session\\DatabaseSessionHandler.php(96): Illuminate\\Database\\Query\\Builder->find('tiIUAEAeHGhdvG2...')
#11 C:\\xampp\\htdocs\\CSE485_BTTH04\\vendor\\laravel\\framework\\src\\Illuminate\\Session\\Store.php(117): Illuminate\\Session\\DatabaseSessionHandler->read('tiIUAEAeHGhdvG2...')
#12 C:\\xampp\\htdocs\\CSE485_BTTH04\\vendor\\laravel\\framework\\src\\Illuminate\\Session\\Store.php(105): Illuminate\\Session\\Store->readFromHandler()
#13 C:\\xampp\\htdocs\\CSE485_BTTH04\\vendor\\laravel\\framework\\src\\Illuminate\\Session\\Store.php(89): Illuminate\\Session\\Store->loadSession()
#14 C:\\xampp\\htdocs\\CSE485_BTTH04\\vendor\\laravel\\framework\\src\\Illuminate\\Session\\Middleware\\StartSession.php(146): Illuminate\\Session\\Store->start()
#15 C:\\xampp\\htdocs\\CSE485_BTTH04\\vendor\\laravel\\framework\\src\\Illuminate\\Support\\helpers.php(390): Illuminate\\Session\\Middleware\\StartSession->Illuminate\\Session\\Middleware\\{closure}(Object(Illuminate\\Session\\Store))
#16 C:\\xampp\\htdocs\\CSE485_BTTH04\\vendor\\laravel\\framework\\src\\Illuminate\\Session\\Middleware\\StartSession.php(143): tap(Object(Illuminate\\Session\\Store), Object(Closure))
#17 C:\\xampp\\htdocs\\CSE485_BTTH04\\vendor\\laravel\\framework\\src\\Illuminate\\Session\\Middleware\\StartSession.php(115): Illuminate\\Session\\Middleware\\StartSession->startSession(Object(Illuminate\\Http\\Request), Object(Illuminate\\Session\\Store))
#18 C:\\xampp\\htdocs\\CSE485_BTTH04\\vendor\\laravel\\framework\\src\\Illuminate\\Session\\Middleware\\StartSession.php(63): Illuminate\\Session\\Middleware\\StartSession->handleStatefulRequest(Object(Illuminate\\Http\\Request), Object(Illuminate\\Session\\Store), Object(Closure))
#19 C:\\xampp\\htdocs\\CSE485_BTTH04\\vendor\\laravel\\framework\\src\\Illuminate\\Pipeline\\Pipeline.php(219): Illuminate\\Session\\Middleware\\StartSession->handle(Object(Illuminate\\Http\\Request), Object(Closure))
#20 C:\\xampp\\htdocs\\CSE485_BTTH04\\vendor\\laravel\\framework\\src\\Illuminate\\Cookie\\Middleware\\AddQueuedCookiesToResponse.php(36): Illuminate\\Pipeline\\Pipeline->Illuminate\\Pipeline\\{closure}(Object(Illuminate\\Http\\Request))
#21 C:\\xampp\\htdocs\\CSE485_BTTH04\\vendor\\laravel\\framework\\src\\Illuminate\\Pipeline\\Pipeline.php(219): Illuminate\\Cookie\\Middleware\\AddQueuedCookiesToResponse->handle(Object(Illuminate\\Http\\Request), Object(Closure))
#22 C:\\xampp\\htdocs\\CSE485_BTTH04\\vendor\\laravel\\framework\\src\\Illuminate\\Cookie\\Middleware\\EncryptCookies.php(74): Illuminate\\Pipeline\\Pipeline->Illuminate\\Pipeline\\{closure}(Object(Illuminate\\Http\\Request))
#23 C:\\xampp\\htdocs\\CSE485_BTTH04\\vendor\\laravel\\framework\\src\\Illuminate\\Pipeline\\Pipeline.php(219): Illuminate\\Cookie\\Middleware\\EncryptCookies->handle(Object(Illuminate\\Http\\Request), Object(Closure))
#24 C:\\xampp\\htdocs\\CSE485_BTTH04\\vendor\\laravel\\framework\\src\\Illuminate\\Pipeline\\Pipeline.php(137): Illuminate\\Pipeline\\Pipeline->Illuminate\\Pipeline\\{closure}(Object(Illuminate\\Http\\Request))
#25 C:\\xampp\\htdocs\\CSE485_BTTH04\\vendor\\laravel\\framework\\src\\Illuminate\\Routing\\Router.php(821): Illuminate\\Pipeline\\Pipeline->then(Object(Closure))
#26 C:\\xampp\\htdocs\\CSE485_BTTH04\\vendor\\laravel\\framework\\src\\Illuminate\\Routing\\Router.php(800): Illuminate\\Routing\\Router->runRouteWithinStack(Object(Illuminate\\Routing\\Route), Object(Illuminate\\Http\\Request))
#27 C:\\xampp\\htdocs\\CSE485_BTTH04\\vendor\\laravel\\framework\\src\\Illuminate\\Routing\\Router.php(764): Illuminate\\Routing\\Router->runRoute(Object(Illuminate\\Http\\Request), Object(Illuminate\\Routing\\Route))
#28 C:\\xampp\\htdocs\\CSE485_BTTH04\\vendor\\laravel\\framework\\src\\Illuminate\\Routing\\Router.php(753): Illuminate\\Routing\\Router->dispatchToRoute(Object(Illuminate\\Http\\Request))
#29 C:\\xampp\\htdocs\\CSE485_BTTH04\\vendor\\laravel\\framework\\src\\Illuminate\\Foundation\\Http\\Kernel.php(200): Illuminate\\Routing\\Router->dispatch(Object(Illuminate\\Http\\Request))
#30 C:\\xampp\\htdocs\\CSE485_BTTH04\\vendor\\laravel\\framework\\src\\Illuminate\\Pipeline\\Pipeline.php(180): Illuminate\\Foundation\\Http\\Kernel->Illuminate\\Foundation\\Http\\{closure}(Object(Illuminate\\Http\\Request))
#31 C:\\xampp\\htdocs\\CSE485_BTTH04\\vendor\\laravel\\framework\\src\\Illuminate\\Foundation\\Http\\Middleware\\TransformsRequest.php(21): Illuminate\\Pipeline\\Pipeline->Illuminate\\Pipeline\\{closure}(Object(Illuminate\\Http\\Request))
#32 C:\\xampp\\htdocs\\CSE485_BTTH04\\vendor\\laravel\\framework\\src\\Illuminate\\Foundation\\Http\\Middleware\\ConvertEmptyStringsToNull.php(31): Illuminate\\Foundation\\Http\\Middleware\\TransformsRequest->handle(Object(Illuminate\\Http\\Request), Object(Closure))
#33 C:\\xampp\\htdocs\\CSE485_BTTH04\\vendor\\laravel\\framework\\src\\Illuminate\\Pipeline\\Pipeline.php(219): Illuminate\\Foundation\\Http\\Middleware\\ConvertEmptyStringsToNull->handle(Object(Illuminate\\Http\\Request), Object(Closure))
#34 C:\\xampp\\htdocs\\CSE485_BTTH04\\vendor\\laravel\\framework\\src\\Illuminate\\Foundation\\Http\\Middleware\\TransformsRequest.php(21): Illuminate\\Pipeline\\Pipeline->Illuminate\\Pipeline\\{closure}(Object(Illuminate\\Http\\Request))
#35 C:\\xampp\\htdocs\\CSE485_BTTH04\\vendor\\laravel\\framework\\src\\Illuminate\\Foundation\\Http\\Middleware\\TrimStrings.php(51): Illuminate\\Foundation\\Http\\Middleware\\TransformsRequest->handle(Object(Illuminate\\Http\\Request), Object(Closure))
#36 C:\\xampp\\htdocs\\CSE485_BTTH04\\vendor\\laravel\\framework\\src\\Illuminate\\Pipeline\\Pipeline.php(219): Illuminate\\Foundation\\Http\\Middleware\\TrimStrings->handle(Object(Illuminate\\Http\\Request), Object(Closure))
#37 C:\\xampp\\htdocs\\CSE485_BTTH04\\vendor\\laravel\\framework\\src\\Illuminate\\Http\\Middleware\\ValidatePostSize.php(27): Illuminate\\Pipeline\\Pipeline->Illuminate\\Pipeline\\{closure}(Object(Illuminate\\Http\\Request))
#38 C:\\xampp\\htdocs\\CSE485_BTTH04\\vendor\\laravel\\framework\\src\\Illuminate\\Pipeline\\Pipeline.php(219): Illuminate\\Http\\Middleware\\ValidatePostSize->handle(Object(Illuminate\\Http\\Request), Object(Closure))
#39 C:\\xampp\\htdocs\\CSE485_BTTH04\\vendor\\laravel\\framework\\src\\Illuminate\\Foundation\\Http\\Middleware\\PreventRequestsDuringMaintenance.php(109): Illuminate\\Pipeline\\Pipeline->Illuminate\\Pipeline\\{closure}(Object(Illuminate\\Http\\Request))
#40 C:\\xampp\\htdocs\\CSE485_BTTH04\\vendor\\laravel\\framework\\src\\Illuminate\\Pipeline\\Pipeline.php(219): Illuminate\\Foundation\\Http\\Middleware\\PreventRequestsDuringMaintenance->handle(Object(Illuminate\\Http\\Request), Object(Closure))
#41 C:\\xampp\\htdocs\\CSE485_BTTH04\\vendor\\laravel\\framework\\src\\Illuminate\\Http\\Middleware\\HandleCors.php(48): Illuminate\\Pipeline\\Pipeline->Illuminate\\Pipeline\\{closure}(Object(Illuminate\\Http\\Request))
#42 C:\\xampp\\htdocs\\CSE485_BTTH04\\vendor\\laravel\\framework\\src\\Illuminate\\Pipeline\\Pipeline.php(219): Illuminate\\Http\\Middleware\\HandleCors->handle(Object(Illuminate\\Http\\Request), Object(Closure))
#43 C:\\xampp\\htdocs\\CSE485_BTTH04\\vendor\\laravel\\framework\\src\\Illuminate\\Http\\Middleware\\TrustProxies.php(58): Illuminate\\Pipeline\\Pipeline->Illuminate\\Pipeline\\{closure}(Object(Illuminate\\Http\\Request))
#44 C:\\xampp\\htdocs\\CSE485_BTTH04\\vendor\\laravel\\framework\\src\\Illuminate\\Pipeline\\Pipeline.php(219): Illuminate\\Http\\Middleware\\TrustProxies->handle(Object(Illuminate\\Http\\Request), Object(Closure))
#45 C:\\xampp\\htdocs\\CSE485_BTTH04\\vendor\\laravel\\framework\\src\\Illuminate\\Foundation\\Http\\Middleware\\InvokeDeferredCallbacks.php(22): Illuminate\\Pipeline\\Pipeline->Illuminate\\Pipeline\\{closure}(Object(Illuminate\\Http\\Request))
#46 C:\\xampp\\htdocs\\CSE485_BTTH04\\vendor\\laravel\\framework\\src\\Illuminate\\Pipeline\\Pipeline.php(219): Illuminate\\Foundation\\Http\\Middleware\\InvokeDeferredCallbacks->handle(Object(Illuminate\\Http\\Request), Object(Closure))
#47 C:\\xampp\\htdocs\\CSE485_BTTH04\\vendor\\laravel\\framework\\src\\Illuminate\\Http\\Middleware\\ValidatePathEncoding.php(26): Illuminate\\Pipeline\\Pipeline->Illuminate\\Pipeline\\{closure}(Object(Illuminate\\Http\\Request))
#48 C:\\xampp\\htdocs\\CSE485_BTTH04\\vendor\\laravel\\framework\\src\\Illuminate\\Pipeline\\Pipeline.php(219): Illuminate\\Http\\Middleware\\ValidatePathEncoding->handle(Object(Illuminate\\Http\\Request), Object(Closure))
#49 C:\\xampp\\htdocs\\CSE485_BTTH04\\vendor\\laravel\\framework\\src\\Illuminate\\Pipeline\\Pipeline.php(137): Illuminate\\Pipeline\\Pipeline->Illuminate\\Pipeline\\{closure}(Object(Illuminate\\Http\\Request))
#50 C:\\xampp\\htdocs\\CSE485_BTTH04\\vendor\\laravel\\framework\\src\\Illuminate\\Foundation\\Http\\Kernel.php(175): Illuminate\\Pipeline\\Pipeline->then(Object(Closure))
#51 C:\\xampp\\htdocs\\CSE485_BTTH04\\vendor\\laravel\\framework\\src\\Illuminate\\Foundation\\Http\\Kernel.php(144): Illuminate\\Foundation\\Http\\Kernel->sendRequestThroughRouter(Object(Illuminate\\Http\\Request))
#52 C:\\xampp\\htdocs\\CSE485_BTTH04\\vendor\\laravel\\framework\\src\\Illuminate\\Foundation\\Application.php(1220): Illuminate\\Foundation\\Http\\Kernel->handle(Object(Illuminate\\Http\\Request))
#53 C:\\xampp\\htdocs\\CSE485_BTTH04\\public\\index.php(20): Illuminate\\Foundation\\Application->handleRequest(Object(Illuminate\\Http\\Request))
#54 C:\\xampp\\htdocs\\CSE485_BTTH04\\vendor\\laravel\\framework\\src\\Illuminate\\Foundation\\resources\\server.php(23): require_once('C:\\\\xampp\\\\htdocs...')
#55 {main}
"} 
[2025-12-20 04:17:14] local.ERROR: SQLSTATE[42S02]: Base table or view not found: 1146 Table 'qlda.sessions' doesn't exist (Connection: mysql, SQL: select * from `sessions` where `id` = MwMKCDQ1fuT99FXEeAAH91lh0IkGvJzNENPm9IHi limit 1) {"exception":"[object] (Illuminate\\Database\\QueryException(code: 42S02): SQLSTATE[42S02]: Base table or view not found: 1146 Table 'qlda.sessions' doesn't exist (Connection: mysql, SQL: select * from `sessions` where `id` = MwMKCDQ1fuT99FXEeAAH91lh0IkGvJzNENPm9IHi limit 1) at C:\\xampp\\htdocs\\CSE485_BTTH04\\vendor\\laravel\\framework\\src\\Illuminate\\Database\\Connection.php:826)
[stacktrace]
#0 C:\\xampp\\htdocs\\CSE485_BTTH04\\vendor\\laravel\\framework\\src\\Illuminate\\Database\\Connection.php(780): Illuminate\\Database\\Connection->runQueryCallback('select * from `...', Array, Object(Closure))
#1 C:\\xampp\\htdocs\\CSE485_BTTH04\\vendor\\laravel\\framework\\src\\Illuminate\\Database\\Connection.php(397): Illuminate\\Database\\Connection->run('select * from `...', Array, Object(Closure))
#2 C:\\xampp\\htdocs\\CSE485_BTTH04\\vendor\\laravel\\framework\\src\\Illuminate\\Database\\Query\\Builder.php(3188): Illuminate\\Database\\Connection->select('select * from `...', Array, false)
#3 C:\\xampp\\htdocs\\CSE485_BTTH04\\vendor\\laravel\\framework\\src\\Illuminate\\Database\\Query\\Builder.php(3173): Illuminate\\Database\\Query\\Builder->runSelect()
#4 C:\\xampp\\htdocs\\CSE485_BTTH04\\vendor\\laravel\\framework\\src\\Illuminate\\Database\\Query\\Builder.php(3763): Illuminate\\Database\\Query\\Builder->Illuminate\\Database\\Query\\{closure}()
#5 C:\\xampp\\htdocs\\CSE485_BTTH04\\vendor\\laravel\\framework\\src\\Illuminate\\Database\\Query\\Builder.php(3172): Illuminate\\Database\\Query\\Builder->onceWithColumns(Array, Object(Closure))
#6 C:\\xampp\\htdocs\\CSE485_BTTH04\\vendor\\laravel\\framework\\src\\Illuminate\\Database\\Concerns\\BuildsQueries.php(366): Illuminate\\Database\\Query\\Builder->get(Array)
#7 C:\\xampp\\htdocs\\CSE485_BTTH04\\vendor\\laravel\\framework\\src\\Illuminate\\Database\\Query\\Builder.php(3095): Illuminate\\Database\\Query\\Builder->first(Array)
#8 C:\\xampp\\htdocs\\CSE485_BTTH04\\vendor\\laravel\\framework\\src\\Illuminate\\Session\\DatabaseSessionHandler.php(96): Illuminate\\Database\\Query\\Builder->find('MwMKCDQ1fuT99FX...')
#9 C:\\xampp\\htdocs\\CSE485_BTTH04\\vendor\\laravel\\framework\\src\\Illuminate\\Session\\Store.php(117): Illuminate\\Session\\DatabaseSessionHandler->read('MwMKCDQ1fuT99FX...')
#10 C:\\xampp\\htdocs\\CSE485_BTTH04\\vendor\\laravel\\framework\\src\\Illuminate\\Session\\Store.php(105): Illuminate\\Session\\Store->readFromHandler()
#11 C:\\xampp\\htdocs\\CSE485_BTTH04\\vendor\\laravel\\framework\\src\\Illuminate\\Session\\Store.php(89): Illuminate\\Session\\Store->loadSession()
#12 C:\\xampp\\htdocs\\CSE485_BTTH04\\vendor\\laravel\\framework\\src\\Illuminate\\Session\\Middleware\\StartSession.php(146): Illuminate\\Session\\Store->start()
#13 C:\\xampp\\htdocs\\CSE485_BTTH04\\vendor\\laravel\\framework\\src\\Illuminate\\Support\\helpers.php(390): Illuminate\\Session\\Middleware\\StartSession->Illuminate\\Session\\Middleware\\{closure}(Object(Illuminate\\Session\\Store))
#14 C:\\xampp\\htdocs\\CSE485_BTTH04\\vendor\\laravel\\framework\\src\\Illuminate\\Session\\Middleware\\StartSession.php(143): tap(Object(Illuminate\\Session\\Store), Object(Closure))
#15 C:\\xampp\\htdocs\\CSE485_BTTH04\\vendor\\laravel\\framework\\src\\Illuminate\\Session\\Middleware\\StartSession.php(115): Illuminate\\Session\\Middleware\\StartSession->startSession(Object(Illuminate\\Http\\Request), Object(Illuminate\\Session\\Store))
#16 C:\\xampp\\htdocs\\CSE485_BTTH04\\vendor\\laravel\\framework\\src\\Illuminate\\Session\\Middleware\\StartSession.php(63): Illuminate\\Session\\Middleware\\StartSession->handleStatefulRequest(Object(Illuminate\\Http\\Request), Object(Illuminate\\Session\\Store), Object(Closure))
#17 C:\\xampp\\htdocs\\CSE485_BTTH04\\vendor\\laravel\\framework\\src\\Illuminate\\Pipeline\\Pipeline.php(219): Illuminate\\Session\\Middleware\\StartSession->handle(Object(Illuminate\\Http\\Request), Object(Closure))
#18 C:\\xampp\\htdocs\\CSE485_BTTH04\\vendor\\laravel\\framework\\src\\Illuminate\\Cookie\\Middleware\\AddQueuedCookiesToResponse.php(36): Illuminate\\Pipeline\\Pipeline->Illuminate\\Pipeline\\{closure}(Object(Illuminate\\Http\\Request))
#19 C:\\xampp\\htdocs\\CSE485_BTTH04\\vendor\\laravel\\framework\\src\\Illuminate\\Pipeline\\Pipeline.php(219): Illuminate\\Cookie\\Middleware\\AddQueuedCookiesToResponse->handle(Object(Illuminate\\Http\\Request), Object(Closure))
#20 C:\\xampp\\htdocs\\CSE485_BTTH04\\vendor\\laravel\\framework\\src\\Illuminate\\Cookie\\Middleware\\EncryptCookies.php(74): Illuminate\\Pipeline\\Pipeline->Illuminate\\Pipeline\\{closure}(Object(Illuminate\\Http\\Request))
#21 C:\\xampp\\htdocs\\CSE485_BTTH04\\vendor\\laravel\\framework\\src\\Illuminate\\Pipeline\\Pipeline.php(219): Illuminate\\Cookie\\Middleware\\EncryptCookies->handle(Object(Illuminate\\Http\\Request), Object(Closure))
#22 C:\\xampp\\htdocs\\CSE485_BTTH04\\vendor\\laravel\\framework\\src\\Illuminate\\Pipeline\\Pipeline.php(137): Illuminate\\Pipeline\\Pipeline->Illuminate\\Pipeline\\{closure}(Object(Illuminate\\Http\\Request))
#23 C:\\xampp\\htdocs\\CSE485_BTTH04\\vendor\\laravel\\framework\\src\\Illuminate\\Routing\\Router.php(821): Illuminate\\Pipeline\\Pipeline->then(Object(Closure))
#24 C:\\xampp\\htdocs\\CSE485_BTTH04\\vendor\\laravel\\framework\\src\\Illuminate\\Routing\\Router.php(800): Illuminate\\Routing\\Router->runRouteWithinStack(Object(Illuminate\\Routing\\Route), Object(Illuminate\\Http\\Request))
#25 C:\\xampp\\htdocs\\CSE485_BTTH04\\vendor\\laravel\\framework\\src\\Illuminate\\Routing\\Router.php(764): Illuminate\\Routing\\Router->runRoute(Object(Illuminate\\Http\\Request), Object(Illuminate\\Routing\\Route))
#26 C:\\xampp\\htdocs\\CSE485_BTTH04\\vendor\\laravel\\framework\\src\\Illuminate\\Routing\\Router.php(753): Illuminate\\Routing\\Router->dispatchToRoute(Object(Illuminate\\Http\\Request))
#27 C:\\xampp\\htdocs\\CSE485_BTTH04\\vendor\\laravel\\framework\\src\\Illuminate\\Foundation\\Http\\Kernel.php(200): Illuminate\\Routing\\Router->dispatch(Object(Illuminate\\Http\\Request))
#28 C:\\xampp\\htdocs\\CSE485_BTTH04\\vendor\\laravel\\framework\\src\\Illuminate\\Pipeline\\Pipeline.php(180): Illuminate\\Foundation\\Http\\Kernel->Illuminate\\Foundation\\Http\\{closure}(Object(Illuminate\\Http\\Request))
#29 C:\\xampp\\htdocs\\CSE485_BTTH04\\vendor\\laravel\\framework\\src\\Illuminate\\Foundation\\Http\\Middleware\\TransformsRequest.php(21): Illuminate\\Pipeline\\Pipeline->Illuminate\\Pipeline\\{closure}(Object(Illuminate\\Http\\Request))
#30 C:\\xampp\\htdocs\\CSE485_BTTH04\\vendor\\laravel\\framework\\src\\Illuminate\\Foundation\\Http\\Middleware\\ConvertEmptyStringsToNull.php(31): Illuminate\\Foundation\\Http\\Middleware\\TransformsRequest->handle(Object(Illuminate\\Http\\Request), Object(Closure))
#31 C:\\xampp\\htdocs\\CSE485_BTTH04\\vendor\\laravel\\framework\\src\\Illuminate\\Pipeline\\Pipeline.php(219): Illuminate\\Foundation\\Http\\Middleware\\ConvertEmptyStringsToNull->handle(Object(Illuminate\\Http\\Request), Object(Closure))
#32 C:\\xampp\\htdocs\\CSE485_BTTH04\\vendor\\laravel\\framework\\src\\Illuminate\\Foundation\\Http\\Middleware\\TransformsRequest.php(21): Illuminate\\Pipeline\\Pipeline->Illuminate\\Pipeline\\{closure}(Object(Illuminate\\Http\\Request))
#33 C:\\xampp\\htdocs\\CSE485_BTTH04\\vendor\\laravel\\framework\\src\\Illuminate\\Foundation\\Http\\Middleware\\TrimStrings.php(51): Illuminate\\Foundation\\Http\\Middleware\\TransformsRequest->handle(Object(Illuminate\\Http\\Request), Object(Closure))
#34 C:\\xampp\\htdocs\\CSE485_BTTH04\\vendor\\laravel\\framework\\src\\Illuminate\\Pipeline\\Pipeline.php(219): Illuminate\\Foundation\\Http\\Middleware\\TrimStrings->handle(Object(Illuminate\\Http\\Request), Object(Closure))
#35 C:\\xampp\\htdocs\\CSE485_BTTH04\\vendor\\laravel\\framework\\src\\Illuminate\\Http\\Middleware\\ValidatePostSize.php(27): Illuminate\\Pipeline\\Pipeline->Illuminate\\Pipeline\\{closure}(Object(Illuminate\\Http\\Request))
#36 C:\\xampp\\htdocs\\CSE485_BTTH04\\vendor\\laravel\\framework\\src\\Illuminate\\Pipeline\\Pipeline.php(219): Illuminate\\Http\\Middleware\\ValidatePostSize->handle(Object(Illuminate\\Http\\Request), Object(Closure))
#37 C:\\xampp\\htdocs\\CSE485_BTTH04\\vendor\\laravel\\framework\\src\\Illuminate\\Foundation\\Http\\Middleware\\PreventRequestsDuringMaintenance.php(109): Illuminate\\Pipeline\\Pipeline->Illuminate\\Pipeline\\{closure}(Object(Illuminate\\Http\\Request))
#38 C:\\xampp\\htdocs\\CSE485_BTTH04\\vendor\\laravel\\framework\\src\\Illuminate\\Pipeline\\Pipeline.php(219): Illuminate\\Foundation\\Http\\Middleware\\PreventRequestsDuringMaintenance->handle(Object(Illuminate\\Http\\Request), Object(Closure))
#39 C:\\xampp\\htdocs\\CSE485_BTTH04\\vendor\\laravel\\framework\\src\\Illuminate\\Http\\Middleware\\HandleCors.php(48): Illuminate\\Pipeline\\Pipeline->Illuminate\\Pipeline\\{closure}(Object(Illuminate\\Http\\Request))
#40 C:\\xampp\\htdocs\\CSE485_BTTH04\\vendor\\laravel\\framework\\src\\Illuminate\\Pipeline\\Pipeline.php(219): Illuminate\\Http\\Middleware\\HandleCors->handle(Object(Illuminate\\Http\\Request), Object(Closure))
#41 C:\\xampp\\htdocs\\CSE485_BTTH04\\vendor\\laravel\\framework\\src\\Illuminate\\Http\\Middleware\\TrustProxies.php(58): Illuminate\\Pipeline\\Pipeline->Illuminate\\Pipeline\\{closure}(Object(Illuminate\\Http\\Request))
#42 C:\\xampp\\htdocs\\CSE485_BTTH04\\vendor\\laravel\\framework\\src\\Illuminate\\Pipeline\\Pipeline.php(219): Illuminate\\Http\\Middleware\\TrustProxies->handle(Object(Illuminate\\Http\\Request), Object(Closure))
#43 C:\\xampp\\htdocs\\CSE485_BTTH04\\vendor\\laravel\\framework\\src\\Illuminate\\Foundation\\Http\\Middleware\\InvokeDeferredCallbacks.php(22): Illuminate\\Pipeline\\Pipeline->Illuminate\\Pipeline\\{closure}(Object(Illuminate\\Http\\Request))
#44 C:\\xampp\\htdocs\\CSE485_BTTH04\\vendor\\laravel\\framework\\src\\Illuminate\\Pipeline\\Pipeline.php(219): Illuminate\\Foundation\\Http\\Middleware\\InvokeDeferredCallbacks->handle(Object(Illuminate\\Http\\Request), Object(Closure))
#45 C:\\xampp\\htdocs\\CSE485_BTTH04\\vendor\\laravel\\framework\\src\\Illuminate\\Http\\Middleware\\ValidatePathEncoding.php(26): Illuminate\\Pipeline\\Pipeline->Illuminate\\Pipeline\\{closure}(Object(Illuminate\\Http\\Request))
#46 C:\\xampp\\htdocs\\CSE485_BTTH04\\vendor\\laravel\\framework\\src\\Illuminate\\Pipeline\\Pipeline.php(219): Illuminate\\Http\\Middleware\\ValidatePathEncoding->handle(Object(Illuminate\\Http\\Request), Object(Closure))
#47 C:\\xampp\\htdocs\\CSE485_BTTH04\\vendor\\laravel\\framework\\src\\Illuminate\\Pipeline\\Pipeline.php(137): Illuminate\\Pipeline\\Pipeline->Illuminate\\Pipeline\\{closure}(Object(Illuminate\\Http\\Request))
#48 C:\\xampp\\htdocs\\CSE485_BTTH04\\vendor\\laravel\\framework\\src\\Illuminate\\Foundation\\Http\\Kernel.php(175): Illuminate\\Pipeline\\Pipeline->then(Object(Closure))
#49 C:\\xampp\\htdocs\\CSE485_BTTH04\\vendor\\laravel\\framework\\src\\Illuminate\\Foundation\\Http\\Kernel.php(144): Illuminate\\Foundation\\Http\\Kernel->sendRequestThroughRouter(Object(Illuminate\\Http\\Request))
#50 C:\\xampp\\htdocs\\CSE485_BTTH04\\vendor\\laravel\\framework\\src\\Illuminate\\Foundation\\Application.php(1220): Illuminate\\Foundation\\Http\\Kernel->handle(Object(Illuminate\\Http\\Request))
#51 C:\\xampp\\htdocs\\CSE485_BTTH04\\public\\index.php(20): Illuminate\\Foundation\\Application->handleRequest(Object(Illuminate\\Http\\Request))
#52 C:\\xampp\\htdocs\\CSE485_BTTH04\\vendor\\laravel\\framework\\src\\Illuminate\\Foundation\\resources\\server.php(23): require_once('C:\\\\xampp\\\\htdocs...')
#53 {main}

[previous exception] [object] (PDOException(code: 42S02): SQLSTATE[42S02]: Base table or view not found: 1146 Table 'qlda.sessions' doesn't exist at C:\\xampp\\htdocs\\CSE485_BTTH04\\vendor\\laravel\\framework\\src\\Illuminate\\Database\\Connection.php:406)
[stacktrace]
#0 C:\\xampp\\htdocs\\CSE485_BTTH04\\vendor\\laravel\\framework\\src\\Illuminate\\Database\\Connection.php(406): PDO->prepare('select * from `...')
#1 C:\\xampp\\htdocs\\CSE485_BTTH04\\vendor\\laravel\\framework\\src\\Illuminate\\Database\\Connection.php(813): Illuminate\\Database\\Connection->Illuminate\\Database\\{closure}('select * from `...', Array)
#2 C:\\xampp\\htdocs\\CSE485_BTTH04\\vendor\\laravel\\framework\\src\\Illuminate\\Database\\Connection.php(780): Illuminate\\Database\\Connection->runQueryCallback('select * from `...', Array, Object(Closure))
#3 C:\\xampp\\htdocs\\CSE485_BTTH04\\vendor\\laravel\\framework\\src\\Illuminate\\Database\\Connection.php(397): Illuminate\\Database\\Connection->run('select * from `...', Array, Object(Closure))
#4 C:\\xampp\\htdocs\\CSE485_BTTH04\\vendor\\laravel\\framework\\src\\Illuminate\\Database\\Query\\Builder.php(3188): Illuminate\\Database\\Connection->select('select * from `...', Array, false)
#5 C:\\xampp\\htdocs\\CSE485_BTTH04\\vendor\\laravel\\framework\\src\\Illuminate\\Database\\Query\\Builder.php(3173): Illuminate\\Database\\Query\\Builder->runSelect()
#6 C:\\xampp\\htdocs\\CSE485_BTTH04\\vendor\\laravel\\framework\\src\\Illuminate\\Database\\Query\\Builder.php(3763): Illuminate\\Database\\Query\\Builder->Illuminate\\Database\\Query\\{closure}()
#7 C:\\xampp\\htdocs\\CSE485_BTTH04\\vendor\\laravel\\framework\\src\\Illuminate\\Database\\Query\\Builder.php(3172): Illuminate\\Database\\Query\\Builder->onceWithColumns(Array, Object(Closure))
#8 C:\\xampp\\htdocs\\CSE485_BTTH04\\vendor\\laravel\\framework\\src\\Illuminate\\Database\\Concerns\\BuildsQueries.php(366): Illuminate\\Database\\Query\\Builder->get(Array)
#9 C:\\xampp\\htdocs\\CSE485_BTTH04\\vendor\\laravel\\framework\\src\\Illuminate\\Database\\Query\\Builder.php(3095): Illuminate\\Database\\Query\\Builder->first(Array)
#10 C:\\xampp\\htdocs\\CSE485_BTTH04\\vendor\\laravel\\framework\\src\\Illuminate\\Session\\DatabaseSessionHandler.php(96): Illuminate\\Database\\Query\\Builder->find('MwMKCDQ1fuT99FX...')
#11 C:\\xampp\\htdocs\\CSE485_BTTH04\\vendor\\laravel\\framework\\src\\Illuminate\\Session\\Store.php(117): Illuminate\\Session\\DatabaseSessionHandler->read('MwMKCDQ1fuT99FX...')
#12 C:\\xampp\\htdocs\\CSE485_BTTH04\\vendor\\laravel\\framework\\src\\Illuminate\\Session\\Store.php(105): Illuminate\\Session\\Store->readFromHandler()
#13 C:\\xampp\\htdocs\\CSE485_BTTH04\\vendor\\laravel\\framework\\src\\Illuminate\\Session\\Store.php(89): Illuminate\\Session\\Store->loadSession()
#14 C:\\xampp\\htdocs\\CSE485_BTTH04\\vendor\\laravel\\framework\\src\\Illuminate\\Session\\Middleware\\StartSession.php(146): Illuminate\\Session\\Store->start()
#15 C:\\xampp\\htdocs\\CSE485_BTTH04\\vendor\\laravel\\framework\\src\\Illuminate\\Support\\helpers.php(390): Illuminate\\Session\\Middleware\\StartSession->Illuminate\\Session\\Middleware\\{closure}(Object(Illuminate\\Session\\Store))
#16 C:\\xampp\\htdocs\\CSE485_BTTH04\\vendor\\laravel\\framework\\src\\Illuminate\\Session\\Middleware\\StartSession.php(143): tap(Object(Illuminate\\Session\\Store), Object(Closure))
#17 C:\\xampp\\htdocs\\CSE485_BTTH04\\vendor\\laravel\\framework\\src\\Illuminate\\Session\\Middleware\\StartSession.php(115): Illuminate\\Session\\Middleware\\StartSession->startSession(Object(Illuminate\\Http\\Request), Object(Illuminate\\Session\\Store))
#18 C:\\xampp\\htdocs\\CSE485_BTTH04\\vendor\\laravel\\framework\\src\\Illuminate\\Session\\Middleware\\StartSession.php(63): Illuminate\\Session\\Middleware\\StartSession->handleStatefulRequest(Object(Illuminate\\Http\\Request), Object(Illuminate\\Session\\Store), Object(Closure))
#19 C:\\xampp\\htdocs\\CSE485_BTTH04\\vendor\\laravel\\framework\\src\\Illuminate\\Pipeline\\Pipeline.php(219): Illuminate\\Session\\Middleware\\StartSession->handle(Object(Illuminate\\Http\\Request), Object(Closure))
#20 C:\\xampp\\htdocs\\CSE485_BTTH04\\vendor\\laravel\\framework\\src\\Illuminate\\Cookie\\Middleware\\AddQueuedCookiesToResponse.php(36): Illuminate\\Pipeline\\Pipeline->Illuminate\\Pipeline\\{closure}(Object(Illuminate\\Http\\Request))
#21 C:\\xampp\\htdocs\\CSE485_BTTH04\\vendor\\laravel\\framework\\src\\Illuminate\\Pipeline\\Pipeline.php(219): Illuminate\\Cookie\\Middleware\\AddQueuedCookiesToResponse->handle(Object(Illuminate\\Http\\Request), Object(Closure))
#22 C:\\xampp\\htdocs\\CSE485_BTTH04\\vendor\\laravel\\framework\\src\\Illuminate\\Cookie\\Middleware\\EncryptCookies.php(74): Illuminate\\Pipeline\\Pipeline->Illuminate\\Pipeline\\{closure}(Object(Illuminate\\Http\\Request))
#23 C:\\xampp\\htdocs\\CSE485_BTTH04\\vendor\\laravel\\framework\\src\\Illuminate\\Pipeline\\Pipeline.php(219): Illuminate\\Cookie\\Middleware\\EncryptCookies->handle(Object(Illuminate\\Http\\Request), Object(Closure))
#24 C:\\xampp\\htdocs\\CSE485_BTTH04\\vendor\\laravel\\framework\\src\\Illuminate\\Pipeline\\Pipeline.php(137): Illuminate\\Pipeline\\Pipeline->Illuminate\\Pipeline\\{closure}(Object(Illuminate\\Http\\Request))
#25 C:\\xampp\\htdocs\\CSE485_BTTH04\\vendor\\laravel\\framework\\src\\Illuminate\\Routing\\Router.php(821): Illuminate\\Pipeline\\Pipeline->then(Object(Closure))
#26 C:\\xampp\\htdocs\\CSE485_BTTH04\\vendor\\laravel\\framework\\src\\Illuminate\\Routing\\Router.php(800): Illuminate\\Routing\\Router->runRouteWithinStack(Object(Illuminate\\Routing\\Route), Object(Illuminate\\Http\\Request))
#27 C:\\xampp\\htdocs\\CSE485_BTTH04\\vendor\\laravel\\framework\\src\\Illuminate\\Routing\\Router.php(764): Illuminate\\Routing\\Router->runRoute(Object(Illuminate\\Http\\Request), Object(Illuminate\\Routing\\Route))
#28 C:\\xampp\\htdocs\\CSE485_BTTH04\\vendor\\laravel\\framework\\src\\Illuminate\\Routing\\Router.php(753): Illuminate\\Routing\\Router->dispatchToRoute(Object(Illuminate\\Http\\Request))
#29 C:\\xampp\\htdocs\\CSE485_BTTH04\\vendor\\laravel\\framework\\src\\Illuminate\\Foundation\\Http\\Kernel.php(200): Illuminate\\Routing\\Router->dispatch(Object(Illuminate\\Http\\Request))
#30 C:\\xampp\\htdocs\\CSE485_BTTH04\\vendor\\laravel\\framework\\src\\Illuminate\\Pipeline\\Pipeline.php(180): Illuminate\\Foundation\\Http\\Kernel->Illuminate\\Foundation\\Http\\{closure}(Object(Illuminate\\Http\\Request))
#31 C:\\xampp\\htdocs\\CSE485_BTTH04\\vendor\\laravel\\framework\\src\\Illuminate\\Foundation\\Http\\Middleware\\TransformsRequest.php(21): Illuminate\\Pipeline\\Pipeline->Illuminate\\Pipeline\\{closure}(Object(Illuminate\\Http\\Request))
#32 C:\\xampp\\htdocs\\CSE485_BTTH04\\vendor\\laravel\\framework\\src\\Illuminate\\Foundation\\Http\\Middleware\\ConvertEmptyStringsToNull.php(31): Illuminate\\Foundation\\Http\\Middleware\\TransformsRequest->handle(Object(Illuminate\\Http\\Request), Object(Closure))
#33 C:\\xampp\\htdocs\\CSE485_BTTH04\\vendor\\laravel\\framework\\src\\Illuminate\\Pipeline\\Pipeline.php(219): Illuminate\\Foundation\\Http\\Middleware\\ConvertEmptyStringsToNull->handle(Object(Illuminate\\Http\\Request), Object(Closure))
#34 C:\\xampp\\htdocs\\CSE485_BTTH04\\vendor\\laravel\\framework\\src\\Illuminate\\Foundation\\Http\\Middleware\\TransformsRequest.php(21): Illuminate\\Pipeline\\Pipeline->Illuminate\\Pipeline\\{closure}(Object(Illuminate\\Http\\Request))
#35 C:\\xampp\\htdocs\\CSE485_BTTH04\\vendor\\laravel\\framework\\src\\Illuminate\\Foundation\\Http\\Middleware\\TrimStrings.php(51): Illuminate\\Foundation\\Http\\Middleware\\TransformsRequest->handle(Object(Illuminate\\Http\\Request), Object(Closure))
#36 C:\\xampp\\htdocs\\CSE485_BTTH04\\vendor\\laravel\\framework\\src\\Illuminate\\Pipeline\\Pipeline.php(219): Illuminate\\Foundation\\Http\\Middleware\\TrimStrings->handle(Object(Illuminate\\Http\\Request), Object(Closure))
#37 C:\\xampp\\htdocs\\CSE485_BTTH04\\vendor\\laravel\\framework\\src\\Illuminate\\Http\\Middleware\\ValidatePostSize.php(27): Illuminate\\Pipeline\\Pipeline->Illuminate\\Pipeline\\{closure}(Object(Illuminate\\Http\\Request))
#38 C:\\xampp\\htdocs\\CSE485_BTTH04\\vendor\\laravel\\framework\\src\\Illuminate\\Pipeline\\Pipeline.php(219): Illuminate\\Http\\Middleware\\ValidatePostSize->handle(Object(Illuminate\\Http\\Request), Object(Closure))
#39 C:\\xampp\\htdocs\\CSE485_BTTH04\\vendor\\laravel\\framework\\src\\Illuminate\\Foundation\\Http\\Middleware\\PreventRequestsDuringMaintenance.php(109): Illuminate\\Pipeline\\Pipeline->Illuminate\\Pipeline\\{closure}(Object(Illuminate\\Http\\Request))
#40 C:\\xampp\\htdocs\\CSE485_BTTH04\\vendor\\laravel\\framework\\src\\Illuminate\\Pipeline\\Pipeline.php(219): Illuminate\\Foundation\\Http\\Middleware\\PreventRequestsDuringMaintenance->handle(Object(Illuminate\\Http\\Request), Object(Closure))
#41 C:\\xampp\\htdocs\\CSE485_BTTH04\\vendor\\laravel\\framework\\src\\Illuminate\\Http\\Middleware\\HandleCors.php(48): Illuminate\\Pipeline\\Pipeline->Illuminate\\Pipeline\\{closure}(Object(Illuminate\\Http\\Request))
#42 C:\\xampp\\htdocs\\CSE485_BTTH04\\vendor\\laravel\\framework\\src\\Illuminate\\Pipeline\\Pipeline.php(219): Illuminate\\Http\\Middleware\\HandleCors->handle(Object(Illuminate\\Http\\Request), Object(Closure))
#43 C:\\xampp\\htdocs\\CSE485_BTTH04\\vendor\\laravel\\framework\\src\\Illuminate\\Http\\Middleware\\TrustProxies.php(58): Illuminate\\Pipeline\\Pipeline->Illuminate\\Pipeline\\{closure}(Object(Illuminate\\Http\\Request))
#44 C:\\xampp\\htdocs\\CSE485_BTTH04\\vendor\\laravel\\framework\\src\\Illuminate\\Pipeline\\Pipeline.php(219): Illuminate\\Http\\Middleware\\TrustProxies->handle(Object(Illuminate\\Http\\Request), Object(Closure))
#45 C:\\xampp\\htdocs\\CSE485_BTTH04\\vendor\\laravel\\framework\\src\\Illuminate\\Foundation\\Http\\Middleware\\InvokeDeferredCallbacks.php(22): Illuminate\\Pipeline\\Pipeline->Illuminate\\Pipeline\\{closure}(Object(Illuminate\\Http\\Request))
#46 C:\\xampp\\htdocs\\CSE485_BTTH04\\vendor\\laravel\\framework\\src\\Illuminate\\Pipeline\\Pipeline.php(219): Illuminate\\Foundation\\Http\\Middleware\\InvokeDeferredCallbacks->handle(Object(Illuminate\\Http\\Request), Object(Closure))
#47 C:\\xampp\\htdocs\\CSE485_BTTH04\\vendor\\laravel\\framework\\src\\Illuminate\\Http\\Middleware\\ValidatePathEncoding.php(26): Illuminate\\Pipeline\\Pipeline->Illuminate\\Pipeline\\{closure}(Object(Illuminate\\Http\\Request))
#48 C:\\xampp\\htdocs\\CSE485_BTTH04\\vendor\\laravel\\framework\\src\\Illuminate\\Pipeline\\Pipeline.php(219): Illuminate\\Http\\Middleware\\ValidatePathEncoding->handle(Object(Illuminate\\Http\\Request), Object(Closure))
#49 C:\\xampp\\htdocs\\CSE485_BTTH04\\vendor\\laravel\\framework\\src\\Illuminate\\Pipeline\\Pipeline.php(137): Illuminate\\Pipeline\\Pipeline->Illuminate\\Pipeline\\{closure}(Object(Illuminate\\Http\\Request))
#50 C:\\xampp\\htdocs\\CSE485_BTTH04\\vendor\\laravel\\framework\\src\\Illuminate\\Foundation\\Http\\Kernel.php(175): Illuminate\\Pipeline\\Pipeline->then(Object(Closure))
#51 C:\\xampp\\htdocs\\CSE485_BTTH04\\vendor\\laravel\\framework\\src\\Illuminate\\Foundation\\Http\\Kernel.php(144): Illuminate\\Foundation\\Http\\Kernel->sendRequestThroughRouter(Object(Illuminate\\Http\\Request))
#52 C:\\xampp\\htdocs\\CSE485_BTTH04\\vendor\\laravel\\framework\\src\\Illuminate\\Foundation\\Application.php(1220): Illuminate\\Foundation\\Http\\Kernel->handle(Object(Illuminate\\Http\\Request))
#53 C:\\xampp\\htdocs\\CSE485_BTTH04\\public\\index.php(20): Illuminate\\Foundation\\Application->handleRequest(Object(Illuminate\\Http\\Request))
#54 C:\\xampp\\htdocs\\CSE485_BTTH04\\vendor\\laravel\\framework\\src\\Illuminate\\Foundation\\resources\\server.php(23): require_once('C:\\\\xampp\\\\htdocs...')
#55 {main}
"} 
[2025-12-20 04:20:35] local.ERROR: View [issues.edit] not found. {"exception":"[object] (InvalidArgumentException(code: 0): View [issues.edit] not found. at C:\\xampp\\htdocs\\CSE485_BTTH04\\vendor\\laravel\\framework\\src\\Illuminate\\View\\FileViewFinder.php:138)
[stacktrace]
#0 C:\\xampp\\htdocs\\CSE485_BTTH04\\vendor\\laravel\\framework\\src\\Illuminate\\View\\FileViewFinder.php(78): Illuminate\\View\\FileViewFinder->findInPaths('issues.edit', Array)
#1 C:\\xampp\\htdocs\\CSE485_BTTH04\\vendor\\laravel\\framework\\src\\Illuminate\\View\\Factory.php(150): Illuminate\\View\\FileViewFinder->find('issues.edit')
#2 C:\\xampp\\htdocs\\CSE485_BTTH04\\vendor\\laravel\\framework\\src\\Illuminate\\Foundation\\helpers.php(1101): Illuminate\\View\\Factory->make('issues.edit', Array, Array)
#3 C:\\xampp\\htdocs\\CSE485_BTTH04\\app\\Http\\Controllers\\IssueController.php(35): view('issues.edit', Array)
#4 C:\\xampp\\htdocs\\CSE485_BTTH04\\vendor\\laravel\\framework\\src\\Illuminate\\Routing\\ControllerDispatcher.php(46): App\\Http\\Controllers\\IssueController->edit(Object(App\\Models\\Issue))
#5 C:\\xampp\\htdocs\\CSE485_BTTH04\\vendor\\laravel\\framework\\src\\Illuminate\\Routing\\Route.php(265): Illuminate\\Routing\\ControllerDispatcher->dispatch(Object(Illuminate\\Routing\\Route), Object(App\\Http\\Controllers\\IssueController), 'edit')
#6 C:\\xampp\\htdocs\\CSE485_BTTH04\\vendor\\laravel\\framework\\src\\Illuminate\\Routing\\Route.php(211): Illuminate\\Routing\\Route->runController()
#7 C:\\xampp\\htdocs\\CSE485_BTTH04\\vendor\\laravel\\framework\\src\\Illuminate\\Routing\\Router.php(822): Illuminate\\Routing\\Route->run()
#8 C:\\xampp\\htdocs\\CSE485_BTTH04\\vendor\\laravel\\framework\\src\\Illuminate\\Pipeline\\Pipeline.php(180): Illuminate\\Routing\\Router->Illuminate\\Routing\\{closure}(Object(Illuminate\\Http\\Request))
#9 C:\\xampp\\htdocs\\CSE485_BTTH04\\vendor\\laravel\\boost\\src\\Middleware\\InjectBoost.php(22): Illuminate\\Pipeline\\Pipeline->Illuminate\\Pipeline\\{closure}(Object(Illuminate\\Http\\Request))
#10 C:\\xampp\\htdocs\\CSE485_BTTH04\\vendor\\laravel\\framework\\src\\Illuminate\\Pipeline\\Pipeline.php(219): Laravel\\Boost\\Middleware\\InjectBoost->handle(Object(Illuminate\\Http\\Request), Object(Closure))
#11 C:\\xampp\\htdocs\\CSE485_BTTH04\\vendor\\laravel\\framework\\src\\Illuminate\\Routing\\Middleware\\SubstituteBindings.php(50): Illuminate\\Pipeline\\Pipeline->Illuminate\\Pipeline\\{closure}(Object(Illuminate\\Http\\Request))
#12 C:\\xampp\\htdocs\\CSE485_BTTH04\\vendor\\laravel\\framework\\src\\Illuminate\\Pipeline\\Pipeline.php(219): Illuminate\\Routing\\Middleware\\SubstituteBindings->handle(Object(Illuminate\\Http\\Request), Object(Closure))
#13 C:\\xampp\\htdocs\\CSE485_BTTH04\\vendor\\laravel\\framework\\src\\Illuminate\\Foundation\\Http\\Middleware\\VerifyCsrfToken.php(87): Illuminate\\Pipeline\\Pipeline->Illuminate\\Pipeline\\{closure}(Object(Illuminate\\Http\\Request))
#14 C:\\xampp\\htdocs\\CSE485_BTTH04\\vendor\\laravel\\framework\\src\\Illuminate\\Pipeline\\Pipeline.php(219): Illuminate\\Foundation\\Http\\Middleware\\VerifyCsrfToken->handle(Object(Illuminate\\Http\\Request), Object(Closure))
#15 C:\\xampp\\htdocs\\CSE485_BTTH04\\vendor\\laravel\\framework\\src\\Illuminate\\View\\Middleware\\ShareErrorsFromSession.php(48): Illuminate\\Pipeline\\Pipeline->Illuminate\\Pipeline\\{closure}(Object(Illuminate\\Http\\Request))
#16 C:\\xampp\\htdocs\\CSE485_BTTH04\\vendor\\laravel\\framework\\src\\Illuminate\\Pipeline\\Pipeline.php(219): Illuminate\\View\\Middleware\\ShareErrorsFromSession->handle(Object(Illuminate\\Http\\Request), Object(Closure))
#17 C:\\xampp\\htdocs\\CSE485_BTTH04\\vendor\\laravel\\framework\\src\\Illuminate\\Session\\Middleware\\StartSession.php(120): Illuminate\\Pipeline\\Pipeline->Illuminate\\Pipeline\\{closure}(Object(Illuminate\\Http\\Request))
#18 C:\\xampp\\htdocs\\CSE485_BTTH04\\vendor\\laravel\\framework\\src\\Illuminate\\Session\\Middleware\\StartSession.php(63): Illuminate\\Session\\Middleware\\StartSession->handleStatefulRequest(Object(Illuminate\\Http\\Request), Object(Illuminate\\Session\\Store), Object(Closure))
#19 C:\\xampp\\htdocs\\CSE485_BTTH04\\vendor\\laravel\\framework\\src\\Illuminate\\Pipeline\\Pipeline.php(219): Illuminate\\Session\\Middleware\\StartSession->handle(Object(Illuminate\\Http\\Request), Object(Closure))
#20 C:\\xampp\\htdocs\\CSE485_BTTH04\\vendor\\laravel\\framework\\src\\Illuminate\\Cookie\\Middleware\\AddQueuedCookiesToResponse.php(36): Illuminate\\Pipeline\\Pipeline->Illuminate\\Pipeline\\{closure}(Object(Illuminate\\Http\\Request))
#21 C:\\xampp\\htdocs\\CSE485_BTTH04\\vendor\\laravel\\framework\\src\\Illuminate\\Pipeline\\Pipeline.php(219): Illuminate\\Cookie\\Middleware\\AddQueuedCookiesToResponse->handle(Object(Illuminate\\Http\\Request), Object(Closure))
#22 C:\\xampp\\htdocs\\CSE485_BTTH04\\vendor\\laravel\\framework\\src\\Illuminate\\Cookie\\Middleware\\EncryptCookies.php(74): Illuminate\\Pipeline\\Pipeline->Illuminate\\Pipeline\\{closure}(Object(Illuminate\\Http\\Request))
#23 C:\\xampp\\htdocs\\CSE485_BTTH04\\vendor\\laravel\\framework\\src\\Illuminate\\Pipeline\\Pipeline.php(219): Illuminate\\Cookie\\Middleware\\EncryptCookies->handle(Object(Illuminate\\Http\\Request), Object(Closure))
#24 C:\\xampp\\htdocs\\CSE485_BTTH04\\vendor\\laravel\\framework\\src\\Illuminate\\Pipeline\\Pipeline.php(137): Illuminate\\Pipeline\\Pipeline->Illuminate\\Pipeline\\{closure}(Object(Illuminate\\Http\\Request))
#25 C:\\xampp\\htdocs\\CSE485_BTTH04\\vendor\\laravel\\framework\\src\\Illuminate\\Routing\\Router.php(821): Illuminate\\Pipeline\\Pipeline->then(Object(Closure))
#26 C:\\xampp\\htdocs\\CSE485_BTTH04\\vendor\\laravel\\framework\\src\\Illuminate\\Routing\\Router.php(800): Illuminate\\Routing\\Router->runRouteWithinStack(Object(Illuminate\\Routing\\Route), Object(Illuminate\\Http\\Request))
#27 C:\\xampp\\htdocs\\CSE485_BTTH04\\vendor\\laravel\\framework\\src\\Illuminate\\Routing\\Router.php(764): Illuminate\\Routing\\Router->runRoute(Object(Illuminate\\Http\\Request), Object(Illuminate\\Routing\\Route))
#28 C:\\xampp\\htdocs\\CSE485_BTTH04\\vendor\\laravel\\framework\\src\\Illuminate\\Routing\\Router.php(753): Illuminate\\Routing\\Router->dispatchToRoute(Object(Illuminate\\Http\\Request))
#29 C:\\xampp\\htdocs\\CSE485_BTTH04\\vendor\\laravel\\framework\\src\\Illuminate\\Foundation\\Http\\Kernel.php(200): Illuminate\\Routing\\Router->dispatch(Object(Illuminate\\Http\\Request))
#30 C:\\xampp\\htdocs\\CSE485_BTTH04\\vendor\\laravel\\framework\\src\\Illuminate\\Pipeline\\Pipeline.php(180): Illuminate\\Foundation\\Http\\Kernel->Illuminate\\Foundation\\Http\\{closure}(Object(Illuminate\\Http\\Request))
#31 C:\\xampp\\htdocs\\CSE485_BTTH04\\vendor\\laravel\\framework\\src\\Illuminate\\Foundation\\Http\\Middleware\\TransformsRequest.php(21): Illuminate\\Pipeline\\Pipeline->Illuminate\\Pipeline\\{closure}(Object(Illuminate\\Http\\Request))
#32 C:\\xampp\\htdocs\\CSE485_BTTH04\\vendor\\laravel\\framework\\src\\Illuminate\\Foundation\\Http\\Middleware\\ConvertEmptyStringsToNull.php(31): Illuminate\\Foundation\\Http\\Middleware\\TransformsRequest->handle(Object(Illuminate\\Http\\Request), Object(Closure))
#33 C:\\xampp\\htdocs\\CSE485_BTTH04\\vendor\\laravel\\framework\\src\\Illuminate\\Pipeline\\Pipeline.php(219): Illuminate\\Foundation\\Http\\Middleware\\ConvertEmptyStringsToNull->handle(Object(Illuminate\\Http\\Request), Object(Closure))
#34 C:\\xampp\\htdocs\\CSE485_BTTH04\\vendor\\laravel\\framework\\src\\Illuminate\\Foundation\\Http\\Middleware\\TransformsRequest.php(21): Illuminate\\Pipeline\\Pipeline->Illuminate\\Pipeline\\{closure}(Object(Illuminate\\Http\\Request))
#35 C:\\xampp\\htdocs\\CSE485_BTTH04\\vendor\\laravel\\framework\\src\\Illuminate\\Foundation\\Http\\Middleware\\TrimStrings.php(51): Illuminate\\Foundation\\Http\\Middleware\\TransformsRequest->handle(Object(Illuminate\\Http\\Request), Object(Closure))
#36 C:\\xampp\\htdocs\\CSE485_BTTH04\\vendor\\laravel\\framework\\src\\Illuminate\\Pipeline\\Pipeline.php(219): Illuminate\\Foundation\\Http\\Middleware\\TrimStrings->handle(Object(Illuminate\\Http\\Request), Object(Closure))
#37 C:\\xampp\\htdocs\\CSE485_BTTH04\\vendor\\laravel\\framework\\src\\Illuminate\\Http\\Middleware\\ValidatePostSize.php(27): Illuminate\\Pipeline\\Pipeline->Illuminate\\Pipeline\\{closure}(Object(Illuminate\\Http\\Request))
#38 C:\\xampp\\htdocs\\CSE485_BTTH04\\vendor\\laravel\\framework\\src\\Illuminate\\Pipeline\\Pipeline.php(219): Illuminate\\Http\\Middleware\\ValidatePostSize->handle(Object(Illuminate\\Http\\Request), Object(Closure))
#39 C:\\xampp\\htdocs\\CSE485_BTTH04\\vendor\\laravel\\framework\\src\\Illuminate\\Foundation\\Http\\Middleware\\PreventRequestsDuringMaintenance.php(109): Illuminate\\Pipeline\\Pipeline->Illuminate\\Pipeline\\{closure}(Object(Illuminate\\Http\\Request))
#40 C:\\xampp\\htdocs\\CSE485_BTTH04\\vendor\\laravel\\framework\\src\\Illuminate\\Pipeline\\Pipeline.php(219): Illuminate\\Foundation\\Http\\Middleware\\PreventRequestsDuringMaintenance->handle(Object(Illuminate\\Http\\Request), Object(Closure))
#41 C:\\xampp\\htdocs\\CSE485_BTTH04\\vendor\\laravel\\framework\\src\\Illuminate\\Http\\Middleware\\HandleCors.php(48): Illuminate\\Pipeline\\Pipeline->Illuminate\\Pipeline\\{closure}(Object(Illuminate\\Http\\Request))
#42 C:\\xampp\\htdocs\\CSE485_BTTH04\\vendor\\laravel\\framework\\src\\Illuminate\\Pipeline\\Pipeline.php(219): Illuminate\\Http\\Middleware\\HandleCors->handle(Object(Illuminate\\Http\\Request), Object(Closure))
#43 C:\\xampp\\htdocs\\CSE485_BTTH04\\vendor\\laravel\\framework\\src\\Illuminate\\Http\\Middleware\\TrustProxies.php(58): Illuminate\\Pipeline\\Pipeline->Illuminate\\Pipeline\\{closure}(Object(Illuminate\\Http\\Request))
#44 C:\\xampp\\htdocs\\CSE485_BTTH04\\vendor\\laravel\\framework\\src\\Illuminate\\Pipeline\\Pipeline.php(219): Illuminate\\Http\\Middleware\\TrustProxies->handle(Object(Illuminate\\Http\\Request), Object(Closure))
#45 C:\\xampp\\htdocs\\CSE485_BTTH04\\vendor\\laravel\\framework\\src\\Illuminate\\Foundation\\Http\\Middleware\\InvokeDeferredCallbacks.php(22): Illuminate\\Pipeline\\Pipeline->Illuminate\\Pipeline\\{closure}(Object(Illuminate\\Http\\Request))
#46 C:\\xampp\\htdocs\\CSE485_BTTH04\\vendor\\laravel\\framework\\src\\Illuminate\\Pipeline\\Pipeline.php(219): Illuminate\\Foundation\\Http\\Middleware\\InvokeDeferredCallbacks->handle(Object(Illuminate\\Http\\Request), Object(Closure))
#47 C:\\xampp\\htdocs\\CSE485_BTTH04\\vendor\\laravel\\framework\\src\\Illuminate\\Http\\Middleware\\ValidatePathEncoding.php(26): Illuminate\\Pipeline\\Pipeline->Illuminate\\Pipeline\\{closure}(Object(Illuminate\\Http\\Request))
#48 C:\\xampp\\htdocs\\CSE485_BTTH04\\vendor\\laravel\\framework\\src\\Illuminate\\Pipeline\\Pipeline.php(219): Illuminate\\Http\\Middleware\\ValidatePathEncoding->handle(Object(Illuminate\\Http\\Request), Object(Closure))
#49 C:\\xampp\\htdocs\\CSE485_BTTH04\\vendor\\laravel\\framework\\src\\Illuminate\\Pipeline\\Pipeline.php(137): Illuminate\\Pipeline\\Pipeline->Illuminate\\Pipeline\\{closure}(Object(Illuminate\\Http\\Request))
#50 C:\\xampp\\htdocs\\CSE485_BTTH04\\vendor\\laravel\\framework\\src\\Illuminate\\Foundation\\Http\\Kernel.php(175): Illuminate\\Pipeline\\Pipeline->then(Object(Closure))
#51 C:\\xampp\\htdocs\\CSE485_BTTH04\\vendor\\laravel\\framework\\src\\Illuminate\\Foundation\\Http\\Kernel.php(144): Illuminate\\Foundation\\Http\\Kernel->sendRequestThroughRouter(Object(Illuminate\\Http\\Request))
#52 C:\\xampp\\htdocs\\CSE485_BTTH04\\vendor\\laravel\\framework\\src\\Illuminate\\Foundation\\Application.php(1220): Illuminate\\Foundation\\Http\\Kernel->handle(Object(Illuminate\\Http\\Request))
#53 C:\\xampp\\htdocs\\CSE485_BTTH04\\public\\index.php(20): Illuminate\\Foundation\\Application->handleRequest(Object(Illuminate\\Http\\Request))
#54 C:\\xampp\\htdocs\\CSE485_BTTH04\\vendor\\laravel\\framework\\src\\Illuminate\\Foundation\\resources\\server.php(23): require_once('C:\\\\xampp\\\\htdocs...')
#55 {main}
"} 
[2025-12-20 04:21:33] local.ERROR: View [issues.edit] not found. {"exception":"[object] (InvalidArgumentException(code: 0): View [issues.edit] not found. at C:\\xampp\\htdocs\\CSE485_BTTH04\\vendor\\laravel\\framework\\src\\Illuminate\\View\\FileViewFinder.php:138)
[stacktrace]
#0 C:\\xampp\\htdocs\\CSE485_BTTH04\\vendor\\laravel\\framework\\src\\Illuminate\\View\\FileViewFinder.php(78): Illuminate\\View\\FileViewFinder->findInPaths('issues.edit', Array)
#1 C:\\xampp\\htdocs\\CSE485_BTTH04\\vendor\\laravel\\framework\\src\\Illuminate\\View\\Factory.php(150): Illuminate\\View\\FileViewFinder->find('issues.edit')
#2 C:\\xampp\\htdocs\\CSE485_BTTH04\\vendor\\laravel\\framework\\src\\Illuminate\\Foundation\\helpers.php(1101): Illuminate\\View\\Factory->make('issues.edit', Array, Array)
#3 C:\\xampp\\htdocs\\CSE485_BTTH04\\app\\Http\\Controllers\\IssueController.php(34): view('issues.edit', Array)
#4 C:\\xampp\\htdocs\\CSE485_BTTH04\\vendor\\laravel\\framework\\src\\Illuminate\\Routing\\ControllerDispatcher.php(46): App\\Http\\Controllers\\IssueController->edit(Object(App\\Models\\Issue))
#5 C:\\xampp\\htdocs\\CSE485_BTTH04\\vendor\\laravel\\framework\\src\\Illuminate\\Routing\\Route.php(265): Illuminate\\Routing\\ControllerDispatcher->dispatch(Object(Illuminate\\Routing\\Route), Object(App\\Http\\Controllers\\IssueController), 'edit')
#6 C:\\xampp\\htdocs\\CSE485_BTTH04\\vendor\\laravel\\framework\\src\\Illuminate\\Routing\\Route.php(211): Illuminate\\Routing\\Route->runController()
#7 C:\\xampp\\htdocs\\CSE485_BTTH04\\vendor\\laravel\\framework\\src\\Illuminate\\Routing\\Router.php(822): Illuminate\\Routing\\Route->run()
#8 C:\\xampp\\htdocs\\CSE485_BTTH04\\vendor\\laravel\\framework\\src\\Illuminate\\Pipeline\\Pipeline.php(180): Illuminate\\Routing\\Router->Illuminate\\Routing\\{closure}(Object(Illuminate\\Http\\Request))
#9 C:\\xampp\\htdocs\\CSE485_BTTH04\\vendor\\laravel\\boost\\src\\Middleware\\InjectBoost.php(22): Illuminate\\Pipeline\\Pipeline->Illuminate\\Pipeline\\{closure}(Object(Illuminate\\Http\\Request))
#10 C:\\xampp\\htdocs\\CSE485_BTTH04\\vendor\\laravel\\framework\\src\\Illuminate\\Pipeline\\Pipeline.php(219): Laravel\\Boost\\Middleware\\InjectBoost->handle(Object(Illuminate\\Http\\Request), Object(Closure))
#11 C:\\xampp\\htdocs\\CSE485_BTTH04\\vendor\\laravel\\framework\\src\\Illuminate\\Routing\\Middleware\\SubstituteBindings.php(50): Illuminate\\Pipeline\\Pipeline->Illuminate\\Pipeline\\{closure}(Object(Illuminate\\Http\\Request))
#12 C:\\xampp\\htdocs\\CSE485_BTTH04\\vendor\\laravel\\framework\\src\\Illuminate\\Pipeline\\Pipeline.php(219): Illuminate\\Routing\\Middleware\\SubstituteBindings->handle(Object(Illuminate\\Http\\Request), Object(Closure))
#13 C:\\xampp\\htdocs\\CSE485_BTTH04\\vendor\\laravel\\framework\\src\\Illuminate\\Foundation\\Http\\Middleware\\VerifyCsrfToken.php(87): Illuminate\\Pipeline\\Pipeline->Illuminate\\Pipeline\\{closure}(Object(Illuminate\\Http\\Request))
#14 C:\\xampp\\htdocs\\CSE485_BTTH04\\vendor\\laravel\\framework\\src\\Illuminate\\Pipeline\\Pipeline.php(219): Illuminate\\Foundation\\Http\\Middleware\\VerifyCsrfToken->handle(Object(Illuminate\\Http\\Request), Object(Closure))
#15 C:\\xampp\\htdocs\\CSE485_BTTH04\\vendor\\laravel\\framework\\src\\Illuminate\\View\\Middleware\\ShareErrorsFromSession.php(48): Illuminate\\Pipeline\\Pipeline->Illuminate\\Pipeline\\{closure}(Object(Illuminate\\Http\\Request))
#16 C:\\xampp\\htdocs\\CSE485_BTTH04\\vendor\\laravel\\framework\\src\\Illuminate\\Pipeline\\Pipeline.php(219): Illuminate\\View\\Middleware\\ShareErrorsFromSession->handle(Object(Illuminate\\Http\\Request), Object(Closure))
#17 C:\\xampp\\htdocs\\CSE485_BTTH04\\vendor\\laravel\\framework\\src\\Illuminate\\Session\\Middleware\\StartSession.php(120): Illuminate\\Pipeline\\Pipeline->Illuminate\\Pipeline\\{closure}(Object(Illuminate\\Http\\Request))
#18 C:\\xampp\\htdocs\\CSE485_BTTH04\\vendor\\laravel\\framework\\src\\Illuminate\\Session\\Middleware\\StartSession.php(63): Illuminate\\Session\\Middleware\\StartSession->handleStatefulRequest(Object(Illuminate\\Http\\Request), Object(Illuminate\\Session\\Store), Object(Closure))
#19 C:\\xampp\\htdocs\\CSE485_BTTH04\\vendor\\laravel\\framework\\src\\Illuminate\\Pipeline\\Pipeline.php(219): Illuminate\\Session\\Middleware\\StartSession->handle(Object(Illuminate\\Http\\Request), Object(Closure))
#20 C:\\xampp\\htdocs\\CSE485_BTTH04\\vendor\\laravel\\framework\\src\\Illuminate\\Cookie\\Middleware\\AddQueuedCookiesToResponse.php(36): Illuminate\\Pipeline\\Pipeline->Illuminate\\Pipeline\\{closure}(Object(Illuminate\\Http\\Request))
#21 C:\\xampp\\htdocs\\CSE485_BTTH04\\vendor\\laravel\\framework\\src\\Illuminate\\Pipeline\\Pipeline.php(219): Illuminate\\Cookie\\Middleware\\AddQueuedCookiesToResponse->handle(Object(Illuminate\\Http\\Request), Object(Closure))
#22 C:\\xampp\\htdocs\\CSE485_BTTH04\\vendor\\laravel\\framework\\src\\Illuminate\\Cookie\\Middleware\\EncryptCookies.php(74): Illuminate\\Pipeline\\Pipeline->Illuminate\\Pipeline\\{closure}(Object(Illuminate\\Http\\Request))
#23 C:\\xampp\\htdocs\\CSE485_BTTH04\\vendor\\laravel\\framework\\src\\Illuminate\\Pipeline\\Pipeline.php(219): Illuminate\\Cookie\\Middleware\\EncryptCookies->handle(Object(Illuminate\\Http\\Request), Object(Closure))
#24 C:\\xampp\\htdocs\\CSE485_BTTH04\\vendor\\laravel\\framework\\src\\Illuminate\\Pipeline\\Pipeline.php(137): Illuminate\\Pipeline\\Pipeline->Illuminate\\Pipeline\\{closure}(Object(Illuminate\\Http\\Request))
#25 C:\\xampp\\htdocs\\CSE485_BTTH04\\vendor\\laravel\\framework\\src\\Illuminate\\Routing\\Router.php(821): Illuminate\\Pipeline\\Pipeline->then(Object(Closure))
#26 C:\\xampp\\htdocs\\CSE485_BTTH04\\vendor\\laravel\\framework\\src\\Illuminate\\Routing\\Router.php(800): Illuminate\\Routing\\Router->runRouteWithinStack(Object(Illuminate\\Routing\\Route), Object(Illuminate\\Http\\Request))
#27 C:\\xampp\\htdocs\\CSE485_BTTH04\\vendor\\laravel\\framework\\src\\Illuminate\\Routing\\Router.php(764): Illuminate\\Routing\\Router->runRoute(Object(Illuminate\\Http\\Request), Object(Illuminate\\Routing\\Route))
#28 C:\\xampp\\htdocs\\CSE485_BTTH04\\vendor\\laravel\\framework\\src\\Illuminate\\Routing\\Router.php(753): Illuminate\\Routing\\Router->dispatchToRoute(Object(Illuminate\\Http\\Request))
#29 C:\\xampp\\htdocs\\CSE485_BTTH04\\vendor\\laravel\\framework\\src\\Illuminate\\Foundation\\Http\\Kernel.php(200): Illuminate\\Routing\\Router->dispatch(Object(Illuminate\\Http\\Request))
#30 C:\\xampp\\htdocs\\CSE485_BTTH04\\vendor\\laravel\\framework\\src\\Illuminate\\Pipeline\\Pipeline.php(180): Illuminate\\Foundation\\Http\\Kernel->Illuminate\\Foundation\\Http\\{closure}(Object(Illuminate\\Http\\Request))
#31 C:\\xampp\\htdocs\\CSE485_BTTH04\\vendor\\laravel\\framework\\src\\Illuminate\\Foundation\\Http\\Middleware\\TransformsRequest.php(21): Illuminate\\Pipeline\\Pipeline->Illuminate\\Pipeline\\{closure}(Object(Illuminate\\Http\\Request))
#32 C:\\xampp\\htdocs\\CSE485_BTTH04\\vendor\\laravel\\framework\\src\\Illuminate\\Foundation\\Http\\Middleware\\ConvertEmptyStringsToNull.php(31): Illuminate\\Foundation\\Http\\Middleware\\TransformsRequest->handle(Object(Illuminate\\Http\\Request), Object(Closure))
#33 C:\\xampp\\htdocs\\CSE485_BTTH04\\vendor\\laravel\\framework\\src\\Illuminate\\Pipeline\\Pipeline.php(219): Illuminate\\Foundation\\Http\\Middleware\\ConvertEmptyStringsToNull->handle(Object(Illuminate\\Http\\Request), Object(Closure))
#34 C:\\xampp\\htdocs\\CSE485_BTTH04\\vendor\\laravel\\framework\\src\\Illuminate\\Foundation\\Http\\Middleware\\TransformsRequest.php(21): Illuminate\\Pipeline\\Pipeline->Illuminate\\Pipeline\\{closure}(Object(Illuminate\\Http\\Request))
#35 C:\\xampp\\htdocs\\CSE485_BTTH04\\vendor\\laravel\\framework\\src\\Illuminate\\Foundation\\Http\\Middleware\\TrimStrings.php(51): Illuminate\\Foundation\\Http\\Middleware\\TransformsRequest->handle(Object(Illuminate\\Http\\Request), Object(Closure))
#36 C:\\xampp\\htdocs\\CSE485_BTTH04\\vendor\\laravel\\framework\\src\\Illuminate\\Pipeline\\Pipeline.php(219): Illuminate\\Foundation\\Http\\Middleware\\TrimStrings->handle(Object(Illuminate\\Http\\Request), Object(Closure))
#37 C:\\xampp\\htdocs\\CSE485_BTTH04\\vendor\\laravel\\framework\\src\\Illuminate\\Http\\Middleware\\ValidatePostSize.php(27): Illuminate\\Pipeline\\Pipeline->Illuminate\\Pipeline\\{closure}(Object(Illuminate\\Http\\Request))
#38 C:\\xampp\\htdocs\\CSE485_BTTH04\\vendor\\laravel\\framework\\src\\Illuminate\\Pipeline\\Pipeline.php(219): Illuminate\\Http\\Middleware\\ValidatePostSize->handle(Object(Illuminate\\Http\\Request), Object(Closure))
#39 C:\\xampp\\htdocs\\CSE485_BTTH04\\vendor\\laravel\\framework\\src\\Illuminate\\Foundation\\Http\\Middleware\\PreventRequestsDuringMaintenance.php(109): Illuminate\\Pipeline\\Pipeline->Illuminate\\Pipeline\\{closure}(Object(Illuminate\\Http\\Request))
#40 C:\\xampp\\htdocs\\CSE485_BTTH04\\vendor\\laravel\\framework\\src\\Illuminate\\Pipeline\\Pipeline.php(219): Illuminate\\Foundation\\Http\\Middleware\\PreventRequestsDuringMaintenance->handle(Object(Illuminate\\Http\\Request), Object(Closure))
#41 C:\\xampp\\htdocs\\CSE485_BTTH04\\vendor\\laravel\\framework\\src\\Illuminate\\Http\\Middleware\\HandleCors.php(48): Illuminate\\Pipeline\\Pipeline->Illuminate\\Pipeline\\{closure}(Object(Illuminate\\Http\\Request))
#42 C:\\xampp\\htdocs\\CSE485_BTTH04\\vendor\\laravel\\framework\\src\\Illuminate\\Pipeline\\Pipeline.php(219): Illuminate\\Http\\Middleware\\HandleCors->handle(Object(Illuminate\\Http\\Request), Object(Closure))
#43 C:\\xampp\\htdocs\\CSE485_BTTH04\\vendor\\laravel\\framework\\src\\Illuminate\\Http\\Middleware\\TrustProxies.php(58): Illuminate\\Pipeline\\Pipeline->Illuminate\\Pipeline\\{closure}(Object(Illuminate\\Http\\Request))
#44 C:\\xampp\\htdocs\\CSE485_BTTH04\\vendor\\laravel\\framework\\src\\Illuminate\\Pipeline\\Pipeline.php(219): Illuminate\\Http\\Middleware\\TrustProxies->handle(Object(Illuminate\\Http\\Request), Object(Closure))
#45 C:\\xampp\\htdocs\\CSE485_BTTH04\\vendor\\laravel\\framework\\src\\Illuminate\\Foundation\\Http\\Middleware\\InvokeDeferredCallbacks.php(22): Illuminate\\Pipeline\\Pipeline->Illuminate\\Pipeline\\{closure}(Object(Illuminate\\Http\\Request))
#46 C:\\xampp\\htdocs\\CSE485_BTTH04\\vendor\\laravel\\framework\\src\\Illuminate\\Pipeline\\Pipeline.php(219): Illuminate\\Foundation\\Http\\Middleware\\InvokeDeferredCallbacks->handle(Object(Illuminate\\Http\\Request), Object(Closure))
#47 C:\\xampp\\htdocs\\CSE485_BTTH04\\vendor\\laravel\\framework\\src\\Illuminate\\Http\\Middleware\\ValidatePathEncoding.php(26): Illuminate\\Pipeline\\Pipeline->Illuminate\\Pipeline\\{closure}(Object(Illuminate\\Http\\Request))
#48 C:\\xampp\\htdocs\\CSE485_BTTH04\\vendor\\laravel\\framework\\src\\Illuminate\\Pipeline\\Pipeline.php(219): Illuminate\\Http\\Middleware\\ValidatePathEncoding->handle(Object(Illuminate\\Http\\Request), Object(Closure))
#49 C:\\xampp\\htdocs\\CSE485_BTTH04\\vendor\\laravel\\framework\\src\\Illuminate\\Pipeline\\Pipeline.php(137): Illuminate\\Pipeline\\Pipeline->Illuminate\\Pipeline\\{closure}(Object(Illuminate\\Http\\Request))
#50 C:\\xampp\\htdocs\\CSE485_BTTH04\\vendor\\laravel\\framework\\src\\Illuminate\\Foundation\\Http\\Kernel.php(175): Illuminate\\Pipeline\\Pipeline->then(Object(Closure))
#51 C:\\xampp\\htdocs\\CSE485_BTTH04\\vendor\\laravel\\framework\\src\\Illuminate\\Foundation\\Http\\Kernel.php(144): Illuminate\\Foundation\\Http\\Kernel->sendRequestThroughRouter(Object(Illuminate\\Http\\Request))
#52 C:\\xampp\\htdocs\\CSE485_BTTH04\\vendor\\laravel\\framework\\src\\Illuminate\\Foundation\\Application.php(1220): Illuminate\\Foundation\\Http\\Kernel->handle(Object(Illuminate\\Http\\Request))
#53 C:\\xampp\\htdocs\\CSE485_BTTH04\\public\\index.php(20): Illuminate\\Foundation\\Application->handleRequest(Object(Illuminate\\Http\\Request))
#54 C:\\xampp\\htdocs\\CSE485_BTTH04\\vendor\\laravel\\framework\\src\\Illuminate\\Foundation\\resources\\server.php(23): require_once('C:\\\\xampp\\\\htdocs...')
#55 {main}
"} 
[2025-12-20 04:22:48] local.ERROR: View [issues.edit] not found. {"exception":"[object] (InvalidArgumentException(code: 0): View [issues.edit] not found. at C:\\xampp\\htdocs\\CSE485_BTTH04\\vendor\\laravel\\framework\\src\\Illuminate\\View\\FileViewFinder.php:138)
[stacktrace]
#0 C:\\xampp\\htdocs\\CSE485_BTTH04\\vendor\\laravel\\framework\\src\\Illuminate\\View\\FileViewFinder.php(78): Illuminate\\View\\FileViewFinder->findInPaths('issues.edit', Array)
#1 C:\\xampp\\htdocs\\CSE485_BTTH04\\vendor\\laravel\\framework\\src\\Illuminate\\View\\Factory.php(150): Illuminate\\View\\FileViewFinder->find('issues.edit')
#2 C:\\xampp\\htdocs\\CSE485_BTTH04\\vendor\\laravel\\framework\\src\\Illuminate\\Foundation\\helpers.php(1101): Illuminate\\View\\Factory->make('issues.edit', Array, Array)
#3 C:\\xampp\\htdocs\\CSE485_BTTH04\\app\\Http\\Controllers\\IssueController.php(39): view('issues.edit', Array)
#4 C:\\xampp\\htdocs\\CSE485_BTTH04\\vendor\\laravel\\framework\\src\\Illuminate\\Routing\\ControllerDispatcher.php(46): App\\Http\\Controllers\\IssueController->edit(Object(App\\Models\\Issue))
#5 C:\\xampp\\htdocs\\CSE485_BTTH04\\vendor\\laravel\\framework\\src\\Illuminate\\Routing\\Route.php(265): Illuminate\\Routing\\ControllerDispatcher->dispatch(Object(Illuminate\\Routing\\Route), Object(App\\Http\\Controllers\\IssueController), 'edit')
#6 C:\\xampp\\htdocs\\CSE485_BTTH04\\vendor\\laravel\\framework\\src\\Illuminate\\Routing\\Route.php(211): Illuminate\\Routing\\Route->runController()
#7 C:\\xampp\\htdocs\\CSE485_BTTH04\\vendor\\laravel\\framework\\src\\Illuminate\\Routing\\Router.php(822): Illuminate\\Routing\\Route->run()
#8 C:\\xampp\\htdocs\\CSE485_BTTH04\\vendor\\laravel\\framework\\src\\Illuminate\\Pipeline\\Pipeline.php(180): Illuminate\\Routing\\Router->Illuminate\\Routing\\{closure}(Object(Illuminate\\Http\\Request))
#9 C:\\xampp\\htdocs\\CSE485_BTTH04\\vendor\\laravel\\boost\\src\\Middleware\\InjectBoost.php(22): Illuminate\\Pipeline\\Pipeline->Illuminate\\Pipeline\\{closure}(Object(Illuminate\\Http\\Request))
#10 C:\\xampp\\htdocs\\CSE485_BTTH04\\vendor\\laravel\\framework\\src\\Illuminate\\Pipeline\\Pipeline.php(219): Laravel\\Boost\\Middleware\\InjectBoost->handle(Object(Illuminate\\Http\\Request), Object(Closure))
#11 C:\\xampp\\htdocs\\CSE485_BTTH04\\vendor\\laravel\\framework\\src\\Illuminate\\Routing\\Middleware\\SubstituteBindings.php(50): Illuminate\\Pipeline\\Pipeline->Illuminate\\Pipeline\\{closure}(Object(Illuminate\\Http\\Request))
#12 C:\\xampp\\htdocs\\CSE485_BTTH04\\vendor\\laravel\\framework\\src\\Illuminate\\Pipeline\\Pipeline.php(219): Illuminate\\Routing\\Middleware\\SubstituteBindings->handle(Object(Illuminate\\Http\\Request), Object(Closure))
#13 C:\\xampp\\htdocs\\CSE485_BTTH04\\vendor\\laravel\\framework\\src\\Illuminate\\Foundation\\Http\\Middleware\\VerifyCsrfToken.php(87): Illuminate\\Pipeline\\Pipeline->Illuminate\\Pipeline\\{closure}(Object(Illuminate\\Http\\Request))
#14 C:\\xampp\\htdocs\\CSE485_BTTH04\\vendor\\laravel\\framework\\src\\Illuminate\\Pipeline\\Pipeline.php(219): Illuminate\\Foundation\\Http\\Middleware\\VerifyCsrfToken->handle(Object(Illuminate\\Http\\Request), Object(Closure))
#15 C:\\xampp\\htdocs\\CSE485_BTTH04\\vendor\\laravel\\framework\\src\\Illuminate\\View\\Middleware\\ShareErrorsFromSession.php(48): Illuminate\\Pipeline\\Pipeline->Illuminate\\Pipeline\\{closure}(Object(Illuminate\\Http\\Request))
#16 C:\\xampp\\htdocs\\CSE485_BTTH04\\vendor\\laravel\\framework\\src\\Illuminate\\Pipeline\\Pipeline.php(219): Illuminate\\View\\Middleware\\ShareErrorsFromSession->handle(Object(Illuminate\\Http\\Request), Object(Closure))
#17 C:\\xampp\\htdocs\\CSE485_BTTH04\\vendor\\laravel\\framework\\src\\Illuminate\\Session\\Middleware\\StartSession.php(120): Illuminate\\Pipeline\\Pipeline->Illuminate\\Pipeline\\{closure}(Object(Illuminate\\Http\\Request))
#18 C:\\xampp\\htdocs\\CSE485_BTTH04\\vendor\\laravel\\framework\\src\\Illuminate\\Session\\Middleware\\StartSession.php(63): Illuminate\\Session\\Middleware\\StartSession->handleStatefulRequest(Object(Illuminate\\Http\\Request), Object(Illuminate\\Session\\Store), Object(Closure))
#19 C:\\xampp\\htdocs\\CSE485_BTTH04\\vendor\\laravel\\framework\\src\\Illuminate\\Pipeline\\Pipeline.php(219): Illuminate\\Session\\Middleware\\StartSession->handle(Object(Illuminate\\Http\\Request), Object(Closure))
#20 C:\\xampp\\htdocs\\CSE485_BTTH04\\vendor\\laravel\\framework\\src\\Illuminate\\Cookie\\Middleware\\AddQueuedCookiesToResponse.php(36): Illuminate\\Pipeline\\Pipeline->Illuminate\\Pipeline\\{closure}(Object(Illuminate\\Http\\Request))
#21 C:\\xampp\\htdocs\\CSE485_BTTH04\\vendor\\laravel\\framework\\src\\Illuminate\\Pipeline\\Pipeline.php(219): Illuminate\\Cookie\\Middleware\\AddQueuedCookiesToResponse->handle(Object(Illuminate\\Http\\Request), Object(Closure))
#22 C:\\xampp\\htdocs\\CSE485_BTTH04\\vendor\\laravel\\framework\\src\\Illuminate\\Cookie\\Middleware\\EncryptCookies.php(74): Illuminate\\Pipeline\\Pipeline->Illuminate\\Pipeline\\{closure}(Object(Illuminate\\Http\\Request))
#23 C:\\xampp\\htdocs\\CSE485_BTTH04\\vendor\\laravel\\framework\\src\\Illuminate\\Pipeline\\Pipeline.php(219): Illuminate\\Cookie\\Middleware\\EncryptCookies->handle(Object(Illuminate\\Http\\Request), Object(Closure))
#24 C:\\xampp\\htdocs\\CSE485_BTTH04\\vendor\\laravel\\framework\\src\\Illuminate\\Pipeline\\Pipeline.php(137): Illuminate\\Pipeline\\Pipeline->Illuminate\\Pipeline\\{closure}(Object(Illuminate\\Http\\Request))
#25 C:\\xampp\\htdocs\\CSE485_BTTH04\\vendor\\laravel\\framework\\src\\Illuminate\\Routing\\Router.php(821): Illuminate\\Pipeline\\Pipeline->then(Object(Closure))
#26 C:\\xampp\\htdocs\\CSE485_BTTH04\\vendor\\laravel\\framework\\src\\Illuminate\\Routing\\Router.php(800): Illuminate\\Routing\\Router->runRouteWithinStack(Object(Illuminate\\Routing\\Route), Object(Illuminate\\Http\\Request))
#27 C:\\xampp\\htdocs\\CSE485_BTTH04\\vendor\\laravel\\framework\\src\\Illuminate\\Routing\\Router.php(764): Illuminate\\Routing\\Router->runRoute(Object(Illuminate\\Http\\Request), Object(Illuminate\\Routing\\Route))
#28 C:\\xampp\\htdocs\\CSE485_BTTH04\\vendor\\laravel\\framework\\src\\Illuminate\\Routing\\Router.php(753): Illuminate\\Routing\\Router->dispatchToRoute(Object(Illuminate\\Http\\Request))
#29 C:\\xampp\\htdocs\\CSE485_BTTH04\\vendor\\laravel\\framework\\src\\Illuminate\\Foundation\\Http\\Kernel.php(200): Illuminate\\Routing\\Router->dispatch(Object(Illuminate\\Http\\Request))
#30 C:\\xampp\\htdocs\\CSE485_BTTH04\\vendor\\laravel\\framework\\src\\Illuminate\\Pipeline\\Pipeline.php(180): Illuminate\\Foundation\\Http\\Kernel->Illuminate\\Foundation\\Http\\{closure}(Object(Illuminate\\Http\\Request))
#31 C:\\xampp\\htdocs\\CSE485_BTTH04\\vendor\\laravel\\framework\\src\\Illuminate\\Foundation\\Http\\Middleware\\TransformsRequest.php(21): Illuminate\\Pipeline\\Pipeline->Illuminate\\Pipeline\\{closure}(Object(Illuminate\\Http\\Request))
#32 C:\\xampp\\htdocs\\CSE485_BTTH04\\vendor\\laravel\\framework\\src\\Illuminate\\Foundation\\Http\\Middleware\\ConvertEmptyStringsToNull.php(31): Illuminate\\Foundation\\Http\\Middleware\\TransformsRequest->handle(Object(Illuminate\\Http\\Request), Object(Closure))
#33 C:\\xampp\\htdocs\\CSE485_BTTH04\\vendor\\laravel\\framework\\src\\Illuminate\\Pipeline\\Pipeline.php(219): Illuminate\\Foundation\\Http\\Middleware\\ConvertEmptyStringsToNull->handle(Object(Illuminate\\Http\\Request), Object(Closure))
#34 C:\\xampp\\htdocs\\CSE485_BTTH04\\vendor\\laravel\\framework\\src\\Illuminate\\Foundation\\Http\\Middleware\\TransformsRequest.php(21): Illuminate\\Pipeline\\Pipeline->Illuminate\\Pipeline\\{closure}(Object(Illuminate\\Http\\Request))
#35 C:\\xampp\\htdocs\\CSE485_BTTH04\\vendor\\laravel\\framework\\src\\Illuminate\\Foundation\\Http\\Middleware\\TrimStrings.php(51): Illuminate\\Foundation\\Http\\Middleware\\TransformsRequest->handle(Object(Illuminate\\Http\\Request), Object(Closure))
#36 C:\\xampp\\htdocs\\CSE485_BTTH04\\vendor\\laravel\\framework\\src\\Illuminate\\Pipeline\\Pipeline.php(219): Illuminate\\Foundation\\Http\\Middleware\\TrimStrings->handle(Object(Illuminate\\Http\\Request), Object(Closure))
#37 C:\\xampp\\htdocs\\CSE485_BTTH04\\vendor\\laravel\\framework\\src\\Illuminate\\Http\\Middleware\\ValidatePostSize.php(27): Illuminate\\Pipeline\\Pipeline->Illuminate\\Pipeline\\{closure}(Object(Illuminate\\Http\\Request))
#38 C:\\xampp\\htdocs\\CSE485_BTTH04\\vendor\\laravel\\framework\\src\\Illuminate\\Pipeline\\Pipeline.php(219): Illuminate\\Http\\Middleware\\ValidatePostSize->handle(Object(Illuminate\\Http\\Request), Object(Closure))
#39 C:\\xampp\\htdocs\\CSE485_BTTH04\\vendor\\laravel\\framework\\src\\Illuminate\\Foundation\\Http\\Middleware\\PreventRequestsDuringMaintenance.php(109): Illuminate\\Pipeline\\Pipeline->Illuminate\\Pipeline\\{closure}(Object(Illuminate\\Http\\Request))
#40 C:\\xampp\\htdocs\\CSE485_BTTH04\\vendor\\laravel\\framework\\src\\Illuminate\\Pipeline\\Pipeline.php(219): Illuminate\\Foundation\\Http\\Middleware\\PreventRequestsDuringMaintenance->handle(Object(Illuminate\\Http\\Request), Object(Closure))
#41 C:\\xampp\\htdocs\\CSE485_BTTH04\\vendor\\laravel\\framework\\src\\Illuminate\\Http\\Middleware\\HandleCors.php(48): Illuminate\\Pipeline\\Pipeline->Illuminate\\Pipeline\\{closure}(Object(Illuminate\\Http\\Request))
#42 C:\\xampp\\htdocs\\CSE485_BTTH04\\vendor\\laravel\\framework\\src\\Illuminate\\Pipeline\\Pipeline.php(219): Illuminate\\Http\\Middleware\\HandleCors->handle(Object(Illuminate\\Http\\Request), Object(Closure))
#43 C:\\xampp\\htdocs\\CSE485_BTTH04\\vendor\\laravel\\framework\\src\\Illuminate\\Http\\Middleware\\TrustProxies.php(58): Illuminate\\Pipeline\\Pipeline->Illuminate\\Pipeline\\{closure}(Object(Illuminate\\Http\\Request))
#44 C:\\xampp\\htdocs\\CSE485_BTTH04\\vendor\\laravel\\framework\\src\\Illuminate\\Pipeline\\Pipeline.php(219): Illuminate\\Http\\Middleware\\TrustProxies->handle(Object(Illuminate\\Http\\Request), Object(Closure))
#45 C:\\xampp\\htdocs\\CSE485_BTTH04\\vendor\\laravel\\framework\\src\\Illuminate\\Foundation\\Http\\Middleware\\InvokeDeferredCallbacks.php(22): Illuminate\\Pipeline\\Pipeline->Illuminate\\Pipeline\\{closure}(Object(Illuminate\\Http\\Request))
#46 C:\\xampp\\htdocs\\CSE485_BTTH04\\vendor\\laravel\\framework\\src\\Illuminate\\Pipeline\\Pipeline.php(219): Illuminate\\Foundation\\Http\\Middleware\\InvokeDeferredCallbacks->handle(Object(Illuminate\\Http\\Request), Object(Closure))
#47 C:\\xampp\\htdocs\\CSE485_BTTH04\\vendor\\laravel\\framework\\src\\Illuminate\\Http\\Middleware\\ValidatePathEncoding.php(26): Illuminate\\Pipeline\\Pipeline->Illuminate\\Pipeline\\{closure}(Object(Illuminate\\Http\\Request))
#48 C:\\xampp\\htdocs\\CSE485_BTTH04\\vendor\\laravel\\framework\\src\\Illuminate\\Pipeline\\Pipeline.php(219): Illuminate\\Http\\Middleware\\ValidatePathEncoding->handle(Object(Illuminate\\Http\\Request), Object(Closure))
#49 C:\\xampp\\htdocs\\CSE485_BTTH04\\vendor\\laravel\\framework\\src\\Illuminate\\Pipeline\\Pipeline.php(137): Illuminate\\Pipeline\\Pipeline->Illuminate\\Pipeline\\{closure}(Object(Illuminate\\Http\\Request))
#50 C:\\xampp\\htdocs\\CSE485_BTTH04\\vendor\\laravel\\framework\\src\\Illuminate\\Foundation\\Http\\Kernel.php(175): Illuminate\\Pipeline\\Pipeline->then(Object(Closure))
#51 C:\\xampp\\htdocs\\CSE485_BTTH04\\vendor\\laravel\\framework\\src\\Illuminate\\Foundation\\Http\\Kernel.php(144): Illuminate\\Foundation\\Http\\Kernel->sendRequestThroughRouter(Object(Illuminate\\Http\\Request))
#52 C:\\xampp\\htdocs\\CSE485_BTTH04\\vendor\\laravel\\framework\\src\\Illuminate\\Foundation\\Application.php(1220): Illuminate\\Foundation\\Http\\Kernel->handle(Object(Illuminate\\Http\\Request))
#53 C:\\xampp\\htdocs\\CSE485_BTTH04\\public\\index.php(20): Illuminate\\Foundation\\Application->handleRequest(Object(Illuminate\\Http\\Request))
#54 C:\\xampp\\htdocs\\CSE485_BTTH04\\vendor\\laravel\\framework\\src\\Illuminate\\Foundation\\resources\\server.php(23): require_once('C:\\\\xampp\\\\htdocs...')
#55 {main}
"} 
